image_path,recognizer,synthetic_prob
results/phase2/privacy/cloaked_images/Ahmed_Chalabi_0005_cloaked.png,arcface,0.483968
results/phase2/privacy/cloaked_images/Ahmed_Chalabi_0005_facenet_cloaked.png,facenet,0.447957
results/phase2/privacy/cloaked_images/Al_Gore_0002_cloaked.png,arcface,0.015844
results/phase2/privacy/cloaked_images/Al_Gore_0002_facenet_cloaked.png,facenet,0.101355
results/phase2/privacy/cloaked_images/Al_Gore_0007_cloaked.png,arcface,0.037181
results/phase2/privacy/cloaked_images/Al_Gore_0007_facenet_cloaked.png,facenet,0.425662
results/phase2/privacy/cloaked_images/Al_Gore_0008_cloaked.png,arcface,0.012431
results/phase2/privacy/cloaked_images/Al_Gore_0008_facenet_cloaked.png,facenet,0.069223
results/phase2/privacy/cloaked_images/Alastair_Campbell_0004_cloaked.png,arcface,0.012292
results/phase2/privacy/cloaked_images/Alastair_Campbell_0004_facenet_cloaked.png,facenet,0.051997
results/phase2/privacy/cloaked_images/Alastair_Campbell_0005_cloaked.png,arcface,0.020629
results/phase2/privacy/cloaked_images/Alastair_Campbell_0005_facenet_cloaked.png,facenet,0.054871
results/phase2/privacy/cloaked_images/Angela_Bassett_0004_cloaked.png,arcface,0.033851
results/phase2/privacy/cloaked_images/Angela_Bassett_0004_facenet_cloaked.png,facenet,0.154361
results/phase2/privacy/cloaked_images/Antonio_Palocci_0003_cloaked.png,arcface,0.024209
results/phase2/privacy/cloaked_images/Antonio_Palocci_0003_facenet_cloaked.png,facenet,0.551243
results/phase2/privacy/cloaked_images/Ari_Fleischer_0005_cloaked.png,arcface,0.494095
results/phase2/privacy/cloaked_images/Ari_Fleischer_0005_facenet_cloaked.png,facenet,0.410878
results/phase2/privacy/cloaked_images/Arnold_Schwarzenegger_0039_cloaked.png,arcface,0.029252
results/phase2/privacy/cloaked_images/Arnold_Schwarzenegger_0039_facenet_cloaked.png,facenet,0.112734
results/phase2/privacy/cloaked_images/Benazir_Bhutto_0001_cloaked.png,arcface,0.189893
results/phase2/privacy/cloaked_images/Benazir_Bhutto_0001_facenet_cloaked.png,facenet,0.868324
results/phase2/privacy/cloaked_images/Benazir_Bhutto_0002_cloaked.png,arcface,0.141672
results/phase2/privacy/cloaked_images/Benazir_Bhutto_0002_facenet_cloaked.png,facenet,0.757098
results/phase2/privacy/cloaked_images/Bertie_Ahern_0005_cloaked.png,arcface,0.064275
results/phase2/privacy/cloaked_images/Bertie_Ahern_0005_facenet_cloaked.png,facenet,0.063821
results/phase2/privacy/cloaked_images/Bill_Clinton_0014_cloaked.png,arcface,0.076350
results/phase2/privacy/cloaked_images/Bill_Clinton_0014_facenet_cloaked.png,facenet,0.172651
results/phase2/privacy/cloaked_images/Bill_Clinton_0017_cloaked.png,arcface,0.029860
results/phase2/privacy/cloaked_images/Bill_Clinton_0017_facenet_cloaked.png,facenet,0.420827
results/phase2/privacy/cloaked_images/Bill_Frist_0002_cloaked.png,arcface,0.011872
results/phase2/privacy/cloaked_images/Bill_Frist_0002_facenet_cloaked.png,facenet,0.064679
results/phase2/privacy/cloaked_images/Bill_Frist_0003_cloaked.png,arcface,0.066702
results/phase2/privacy/cloaked_images/Bill_Frist_0003_facenet_cloaked.png,facenet,0.414296
results/phase2/privacy/cloaked_images/Bill_Simon_0004_cloaked.png,arcface,0.006661
results/phase2/privacy/cloaked_images/Bill_Simon_0004_facenet_cloaked.png,facenet,0.030928
results/phase2/privacy/cloaked_images/Binyamin_Ben-Eliezer_0003_cloaked.png,arcface,0.305023
results/phase2/privacy/cloaked_images/Binyamin_Ben-Eliezer_0003_facenet_cloaked.png,facenet,0.571242
results/phase2/privacy/cloaked_images/Binyamin_Ben-Eliezer_0006_cloaked.png,arcface,0.067366
results/phase2/privacy/cloaked_images/Binyamin_Ben-Eliezer_0006_facenet_cloaked.png,facenet,0.517205
results/phase2/privacy/cloaked_images/Bob_Stoops_0002_cloaked.png,arcface,0.022520
results/phase2/privacy/cloaked_images/Bob_Stoops_0002_facenet_cloaked.png,facenet,0.382501
results/phase2/privacy/cloaked_images/Bob_Stoops_0003_cloaked.png,arcface,0.029135
results/phase2/privacy/cloaked_images/Bob_Stoops_0003_facenet_cloaked.png,facenet,0.332240
results/phase2/privacy/cloaked_images/Bob_Stoops_0005_cloaked.png,arcface,0.072525
results/phase2/privacy/cloaked_images/Bob_Stoops_0005_facenet_cloaked.png,facenet,0.643586
results/phase2/privacy/cloaked_images/Carrie-Anne_Moss_0001_cloaked.png,arcface,0.006015
results/phase2/privacy/cloaked_images/Carrie-Anne_Moss_0001_facenet_cloaked.png,facenet,0.127181
results/phase2/privacy/cloaked_images/Carrie-Anne_Moss_0003_cloaked.png,arcface,0.026621
results/phase2/privacy/cloaked_images/Carrie-Anne_Moss_0003_facenet_cloaked.png,facenet,0.112707
results/phase2/privacy/cloaked_images/Carrie-Anne_Moss_0005_cloaked.png,arcface,0.046282
results/phase2/privacy/cloaked_images/Carrie-Anne_Moss_0005_facenet_cloaked.png,facenet,0.050844
results/phase2/privacy/cloaked_images/Celine_Dion_0007_cloaked.png,arcface,0.133312
results/phase2/privacy/cloaked_images/Celine_Dion_0007_facenet_cloaked.png,facenet,0.524584
results/phase2/privacy/cloaked_images/Celine_Dion_0008_cloaked.png,arcface,0.014378
results/phase2/privacy/cloaked_images/Celine_Dion_0008_facenet_cloaked.png,facenet,0.076363
results/phase2/privacy/cloaked_images/Chanda_Rubin_0004_cloaked.png,arcface,0.010242
results/phase2/privacy/cloaked_images/Chanda_Rubin_0004_facenet_cloaked.png,facenet,0.030059
results/phase2/privacy/cloaked_images/Chanda_Rubin_0005_cloaked.png,arcface,0.052944
results/phase2/privacy/cloaked_images/Chanda_Rubin_0005_facenet_cloaked.png,facenet,0.132534
results/phase2/privacy/cloaked_images/Charles_Taylor_0004_cloaked.png,arcface,0.583942
results/phase2/privacy/cloaked_images/Charles_Taylor_0004_facenet_cloaked.png,facenet,0.820269
results/phase2/privacy/cloaked_images/Charles_Taylor_0006_cloaked.png,arcface,0.019385
results/phase2/privacy/cloaked_images/Charles_Taylor_0006_facenet_cloaked.png,facenet,0.027741
results/phase2/privacy/cloaked_images/Choi_Sung-hong_0005_cloaked.png,arcface,0.012666
results/phase2/privacy/cloaked_images/Choi_Sung-hong_0005_facenet_cloaked.png,facenet,0.247287
results/phase2/privacy/cloaked_images/Claudia_Pechstein_0003_cloaked.png,arcface,0.086097
results/phase2/privacy/cloaked_images/Claudia_Pechstein_0003_facenet_cloaked.png,facenet,0.085963
results/phase2/privacy/cloaked_images/Claudia_Pechstein_0004_cloaked.png,arcface,0.061939
results/phase2/privacy/cloaked_images/Claudia_Pechstein_0004_facenet_cloaked.png,facenet,0.214591
results/phase2/privacy/cloaked_images/Clint_Eastwood_0002_cloaked.png,arcface,0.011429
results/phase2/privacy/cloaked_images/Clint_Eastwood_0002_facenet_cloaked.png,facenet,0.163618
results/phase2/privacy/cloaked_images/David_Beckham_0014_cloaked.png,arcface,0.106499
results/phase2/privacy/cloaked_images/David_Beckham_0014_facenet_cloaked.png,facenet,0.163838
results/phase2/privacy/cloaked_images/David_Beckham_0015_cloaked.png,arcface,0.035607
results/phase2/privacy/cloaked_images/David_Beckham_0015_facenet_cloaked.png,facenet,0.245216
results/phase2/privacy/cloaked_images/Dennis_Hastert_0003_cloaked.png,arcface,0.219201
results/phase2/privacy/cloaked_images/Dennis_Hastert_0003_facenet_cloaked.png,facenet,0.576279
results/phase2/privacy/cloaked_images/Dennis_Hastert_0006_cloaked.png,arcface,0.016322
results/phase2/privacy/cloaked_images/Dennis_Hastert_0006_facenet_cloaked.png,facenet,0.097401
results/phase2/privacy/cloaked_images/Diana_Krall_0002_cloaked.png,arcface,0.030102
results/phase2/privacy/cloaked_images/Diana_Krall_0002_facenet_cloaked.png,facenet,0.046450
results/phase2/privacy/cloaked_images/Dick_Cheney_0002_cloaked.png,arcface,0.018414
results/phase2/privacy/cloaked_images/Dick_Cheney_0002_facenet_cloaked.png,facenet,0.105128
results/phase2/privacy/cloaked_images/Dick_Cheney_0013_cloaked.png,arcface,0.083192
results/phase2/privacy/cloaked_images/Dick_Cheney_0013_facenet_cloaked.png,facenet,0.244810
results/phase2/privacy/cloaked_images/Edmund_Stoiber_0001_cloaked.png,arcface,0.142540
results/phase2/privacy/cloaked_images/Edmund_Stoiber_0001_facenet_cloaked.png,facenet,0.437478
results/phase2/privacy/cloaked_images/Edmund_Stoiber_0009_cloaked.png,arcface,0.102594
results/phase2/privacy/cloaked_images/Edmund_Stoiber_0009_facenet_cloaked.png,facenet,0.327645
results/phase2/privacy/cloaked_images/Eduard_Shevardnadze_0001_cloaked.png,arcface,0.030182
results/phase2/privacy/cloaked_images/Eduard_Shevardnadze_0001_facenet_cloaked.png,facenet,0.069221
results/phase2/privacy/cloaked_images/Eduard_Shevardnadze_0003_cloaked.png,arcface,0.028290
results/phase2/privacy/cloaked_images/Eduard_Shevardnadze_0003_facenet_cloaked.png,facenet,0.104959
results/phase2/privacy/cloaked_images/Edward_Lu_0005_cloaked.png,arcface,0.040912
results/phase2/privacy/cloaked_images/Edward_Lu_0005_facenet_cloaked.png,facenet,0.128751
results/phase2/privacy/cloaked_images/Edward_Lu_0006_cloaked.png,arcface,0.146481
results/phase2/privacy/cloaked_images/Edward_Lu_0006_facenet_cloaked.png,facenet,0.127326
results/phase2/privacy/cloaked_images/Elizabeth_Hurley_0002_cloaked.png,arcface,0.039822
results/phase2/privacy/cloaked_images/Elizabeth_Hurley_0002_facenet_cloaked.png,facenet,0.235518
results/phase2/privacy/cloaked_images/Fernando_Henrique_Cardoso_0004_cloaked.png,arcface,0.024847
results/phase2/privacy/cloaked_images/Fernando_Henrique_Cardoso_0004_facenet_cloaked.png,facenet,0.102866
results/phase2/privacy/cloaked_images/Fernando_Henrique_Cardoso_0005_cloaked.png,arcface,0.015105
results/phase2/privacy/cloaked_images/Fernando_Henrique_Cardoso_0005_facenet_cloaked.png,facenet,0.217185
results/phase2/privacy/cloaked_images/Fernando_Henrique_Cardoso_0006_cloaked.png,arcface,0.004718
results/phase2/privacy/cloaked_images/Fernando_Henrique_Cardoso_0006_facenet_cloaked.png,facenet,0.028897
results/phase2/privacy/cloaked_images/Fernando_Henrique_Cardoso_0007_cloaked.png,arcface,0.067649
results/phase2/privacy/cloaked_images/Fernando_Henrique_Cardoso_0007_facenet_cloaked.png,facenet,0.371066
results/phase2/privacy/cloaked_images/George_Pataki_0005_cloaked.png,arcface,0.100098
results/phase2/privacy/cloaked_images/George_Pataki_0005_facenet_cloaked.png,facenet,0.548188
results/phase2/privacy/cloaked_images/George_W_Bush_0439_cloaked.png,arcface,0.039194
results/phase2/privacy/cloaked_images/George_W_Bush_0439_facenet_cloaked.png,facenet,0.205412
results/phase2/privacy/cloaked_images/Gerry_Adams_0001_cloaked.png,arcface,0.060109
results/phase2/privacy/cloaked_images/Gerry_Adams_0001_facenet_cloaked.png,facenet,0.199273
results/phase2/privacy/cloaked_images/Gerry_Adams_0004_cloaked.png,arcface,0.137586
results/phase2/privacy/cloaked_images/Gerry_Adams_0004_facenet_cloaked.png,facenet,0.261709
results/phase2/privacy/cloaked_images/Gil_de_Ferran_0003_cloaked.png,arcface,0.009052
results/phase2/privacy/cloaked_images/Gil_de_Ferran_0003_facenet_cloaked.png,facenet,0.066413
results/phase2/privacy/cloaked_images/Gil_de_Ferran_0004_cloaked.png,arcface,0.006842
results/phase2/privacy/cloaked_images/Gil_de_Ferran_0004_facenet_cloaked.png,facenet,0.024072
results/phase2/privacy/cloaked_images/Gil_de_Ferran_0005_cloaked.png,arcface,0.009673
results/phase2/privacy/cloaked_images/Gil_de_Ferran_0005_facenet_cloaked.png,facenet,0.094299
results/phase2/privacy/cloaked_images/Gordon_Brown_0004_cloaked.png,arcface,0.023653
results/phase2/privacy/cloaked_images/Gordon_Brown_0004_facenet_cloaked.png,facenet,0.190362
results/phase2/privacy/cloaked_images/Gray_Davis_0013_cloaked.png,arcface,0.019083
results/phase2/privacy/cloaked_images/Gray_Davis_0013_facenet_cloaked.png,facenet,0.147525
results/phase2/privacy/cloaked_images/Gray_Davis_0022_cloaked.png,arcface,0.034738
results/phase2/privacy/cloaked_images/Gray_Davis_0022_facenet_cloaked.png,facenet,0.262302
results/phase2/privacy/cloaked_images/Guillermo_Coria_0014_cloaked.png,arcface,0.008138
results/phase2/privacy/cloaked_images/Guillermo_Coria_0014_facenet_cloaked.png,facenet,0.097620
results/phase2/privacy/cloaked_images/Guillermo_Coria_0017_cloaked.png,arcface,0.286369
results/phase2/privacy/cloaked_images/Guillermo_Coria_0017_facenet_cloaked.png,facenet,0.593610
results/phase2/privacy/cloaked_images/Gwyneth_Paltrow_0006_cloaked.png,arcface,0.007382
results/phase2/privacy/cloaked_images/Gwyneth_Paltrow_0006_facenet_cloaked.png,facenet,0.671970
results/phase2/privacy/cloaked_images/Harrison_Ford_0001_cloaked.png,arcface,0.082750
results/phase2/privacy/cloaked_images/Harrison_Ford_0001_facenet_cloaked.png,facenet,0.030393
results/phase2/privacy/cloaked_images/Hitomi_Soga_0001_cloaked.png,arcface,0.005656
results/phase2/privacy/cloaked_images/Hitomi_Soga_0001_facenet_cloaked.png,facenet,0.105153
results/phase2/privacy/cloaked_images/Holly_Hunter_0004_cloaked.png,arcface,0.022710
results/phase2/privacy/cloaked_images/Holly_Hunter_0004_facenet_cloaked.png,facenet,0.069977
results/phase2/privacy/cloaked_images/Howard_Dean_0012_cloaked.png,arcface,0.031722
results/phase2/privacy/cloaked_images/Howard_Dean_0012_facenet_cloaked.png,facenet,0.376449
results/phase2/privacy/cloaked_images/Hu_Jintao_0010_cloaked.png,arcface,0.010437
results/phase2/privacy/cloaked_images/Hu_Jintao_0010_facenet_cloaked.png,facenet,0.034601
results/phase2/privacy/cloaked_images/Hu_Jintao_0013_cloaked.png,arcface,0.131600
results/phase2/privacy/cloaked_images/Hu_Jintao_0013_facenet_cloaked.png,facenet,0.119972
results/phase2/privacy/cloaked_images/Jackie_Chan_0013_cloaked.png,arcface,0.013595
results/phase2/privacy/cloaked_images/Jackie_Chan_0013_facenet_cloaked.png,facenet,0.090573
results/phase2/privacy/cloaked_images/Jake_Gyllenhaal_0003_cloaked.png,arcface,0.163173
results/phase2/privacy/cloaked_images/Jake_Gyllenhaal_0003_facenet_cloaked.png,facenet,0.123794
results/phase2/privacy/cloaked_images/Jake_Gyllenhaal_0005_cloaked.png,arcface,0.484403
results/phase2/privacy/cloaked_images/Jake_Gyllenhaal_0005_facenet_cloaked.png,facenet,0.675591
results/phase2/privacy/cloaked_images/James_Kelly_0001_cloaked.png,arcface,0.073450
results/phase2/privacy/cloaked_images/James_Kelly_0001_facenet_cloaked.png,facenet,0.261528
results/phase2/privacy/cloaked_images/James_Kelly_0005_cloaked.png,arcface,0.008711
results/phase2/privacy/cloaked_images/James_Kelly_0005_facenet_cloaked.png,facenet,0.209672
results/phase2/privacy/cloaked_images/James_Wolfensohn_0005_cloaked.png,arcface,0.031308
results/phase2/privacy/cloaked_images/James_Wolfensohn_0005_facenet_cloaked.png,facenet,0.128296
results/phase2/privacy/cloaked_images/Javier_Solana_0002_cloaked.png,arcface,0.021156
results/phase2/privacy/cloaked_images/Javier_Solana_0002_facenet_cloaked.png,facenet,0.419121
results/phase2/privacy/cloaked_images/Javier_Solana_0004_cloaked.png,arcface,0.072076
results/phase2/privacy/cloaked_images/Javier_Solana_0004_facenet_cloaked.png,facenet,0.205390
results/phase2/privacy/cloaked_images/Jay_Garner_0002_cloaked.png,arcface,0.002606
results/phase2/privacy/cloaked_images/Jay_Garner_0002_facenet_cloaked.png,facenet,0.015265
results/phase2/privacy/cloaked_images/Jean-David_Levitte_0004_cloaked.png,arcface,0.062269
results/phase2/privacy/cloaked_images/Jean-David_Levitte_0004_facenet_cloaked.png,facenet,0.206751
results/phase2/privacy/cloaked_images/Jean-David_Levitte_0010_cloaked.png,arcface,0.032693
results/phase2/privacy/cloaked_images/Jean-David_Levitte_0010_facenet_cloaked.png,facenet,0.323431
results/phase2/privacy/cloaked_images/Jean_Chretien_0020_cloaked.png,arcface,0.042375
results/phase2/privacy/cloaked_images/Jean_Chretien_0020_facenet_cloaked.png,facenet,0.114439
results/phase2/privacy/cloaked_images/Jean_Chretien_0051_cloaked.png,arcface,0.019562
results/phase2/privacy/cloaked_images/Jean_Chretien_0051_facenet_cloaked.png,facenet,0.132356
results/phase2/privacy/cloaked_images/Jelena_Dokic_0002_cloaked.png,arcface,0.527048
results/phase2/privacy/cloaked_images/Jelena_Dokic_0002_facenet_cloaked.png,facenet,0.799615
results/phase2/privacy/cloaked_images/Jelena_Dokic_0004_cloaked.png,arcface,0.015784
results/phase2/privacy/cloaked_images/Jelena_Dokic_0004_facenet_cloaked.png,facenet,0.152777
results/phase2/privacy/cloaked_images/Jennifer_Aniston_0017_cloaked.png,arcface,0.458553
results/phase2/privacy/cloaked_images/Jennifer_Aniston_0017_facenet_cloaked.png,facenet,0.385532
results/phase2/privacy/cloaked_images/Jeremy_Greenstock_0022_cloaked.png,arcface,0.005990
results/phase2/privacy/cloaked_images/Jeremy_Greenstock_0022_facenet_cloaked.png,facenet,0.042652
results/phase2/privacy/cloaked_images/Jiang_Zemin_0011_cloaked.png,arcface,0.019586
results/phase2/privacy/cloaked_images/Jiang_Zemin_0011_facenet_cloaked.png,facenet,0.099898
results/phase2/privacy/cloaked_images/Jimmy_Carter_0007_cloaked.png,arcface,0.016945
results/phase2/privacy/cloaked_images/Jimmy_Carter_0007_facenet_cloaked.png,facenet,0.368925
results/phase2/privacy/cloaked_images/Jimmy_Carter_0008_cloaked.png,arcface,0.015940
results/phase2/privacy/cloaked_images/Jimmy_Carter_0008_facenet_cloaked.png,facenet,0.612758
results/phase2/privacy/cloaked_images/Jiri_Novak_0004_cloaked.png,arcface,0.020256
results/phase2/privacy/cloaked_images/Jiri_Novak_0004_facenet_cloaked.png,facenet,0.114920
results/phase2/privacy/cloaked_images/Jiri_Novak_0010_cloaked.png,arcface,0.033190
results/phase2/privacy/cloaked_images/Jiri_Novak_0010_facenet_cloaked.png,facenet,0.102297
results/phase2/privacy/cloaked_images/John_Edwards_0001_cloaked.png,arcface,0.140004
results/phase2/privacy/cloaked_images/John_Edwards_0001_facenet_cloaked.png,facenet,0.140596
results/phase2/privacy/cloaked_images/John_Edwards_0007_cloaked.png,arcface,0.120904
results/phase2/privacy/cloaked_images/John_Edwards_0007_facenet_cloaked.png,facenet,0.193281
results/phase2/privacy/cloaked_images/John_McCain_0003_cloaked.png,arcface,0.023731
results/phase2/privacy/cloaked_images/John_McCain_0003_facenet_cloaked.png,facenet,0.079335
results/phase2/privacy/cloaked_images/Jonathan_Edwards_0007_cloaked.png,arcface,0.046209
results/phase2/privacy/cloaked_images/Jonathan_Edwards_0007_facenet_cloaked.png,facenet,0.388732
results/phase2/privacy/cloaked_images/Junichiro_Koizumi_0006_cloaked.png,arcface,0.021971
results/phase2/privacy/cloaked_images/Junichiro_Koizumi_0006_facenet_cloaked.png,facenet,0.536581
results/phase2/privacy/cloaked_images/Justin_Timberlake_0001_cloaked.png,arcface,0.079341
results/phase2/privacy/cloaked_images/Justin_Timberlake_0001_facenet_cloaked.png,facenet,0.162542
results/phase2/privacy/cloaked_images/Justin_Timberlake_0008_cloaked.png,arcface,0.175538
results/phase2/privacy/cloaked_images/Justin_Timberlake_0008_facenet_cloaked.png,facenet,0.210091
results/phase2/privacy/cloaked_images/Kamal_Kharrazi_0004_cloaked.png,arcface,0.093886
results/phase2/privacy/cloaked_images/Kamal_Kharrazi_0004_facenet_cloaked.png,facenet,0.257740
results/phase2/privacy/cloaked_images/Keanu_Reeves_0010_cloaked.png,arcface,0.075187
results/phase2/privacy/cloaked_images/Keanu_Reeves_0010_facenet_cloaked.png,facenet,0.112131
results/phase2/privacy/cloaked_images/Kevin_Spacey_0001_cloaked.png,arcface,0.015912
results/phase2/privacy/cloaked_images/Kevin_Spacey_0001_facenet_cloaked.png,facenet,0.082715
results/phase2/privacy/cloaked_images/Kim_Clijsters_0008_cloaked.png,arcface,0.008178
results/phase2/privacy/cloaked_images/Kim_Clijsters_0008_facenet_cloaked.png,facenet,0.060183
results/phase2/privacy/cloaked_images/Kim_Ryong-sung_0005_cloaked.png,arcface,0.028900
results/phase2/privacy/cloaked_images/Kim_Ryong-sung_0005_facenet_cloaked.png,facenet,0.276796
results/phase2/privacy/cloaked_images/King_Abdullah_II_0001_cloaked.png,arcface,0.268080
results/phase2/privacy/cloaked_images/King_Abdullah_II_0001_facenet_cloaked.png,facenet,0.527246
results/phase2/privacy/cloaked_images/King_Abdullah_II_0002_cloaked.png,arcface,0.039080
results/phase2/privacy/cloaked_images/King_Abdullah_II_0002_facenet_cloaked.png,facenet,0.209364
results/phase2/privacy/cloaked_images/Lance_Armstrong_0013_cloaked.png,arcface,0.086147
results/phase2/privacy/cloaked_images/Lance_Armstrong_0013_facenet_cloaked.png,facenet,0.199206
results/phase2/privacy/cloaked_images/Lance_Bass_0005_cloaked.png,arcface,0.018522
results/phase2/privacy/cloaked_images/Lance_Bass_0005_facenet_cloaked.png,facenet,0.287838
results/phase2/privacy/cloaked_images/Larry_Brown_0003_cloaked.png,arcface,0.015649
results/phase2/privacy/cloaked_images/Larry_Brown_0003_facenet_cloaked.png,facenet,0.269650
results/phase2/privacy/cloaked_images/Laura_Bush_0013_cloaked.png,arcface,0.040965
results/phase2/privacy/cloaked_images/Laura_Bush_0013_facenet_cloaked.png,facenet,0.149254
results/phase2/privacy/cloaked_images/Laura_Bush_0016_cloaked.png,arcface,0.023110
results/phase2/privacy/cloaked_images/Laura_Bush_0016_facenet_cloaked.png,facenet,0.108089
results/phase2/privacy/cloaked_images/Li_Zhaoxing_0007_cloaked.png,arcface,0.062869
results/phase2/privacy/cloaked_images/Li_Zhaoxing_0007_facenet_cloaked.png,facenet,0.371200
results/phase2/privacy/cloaked_images/Lucio_Gutierrez_0004_cloaked.png,arcface,0.181894
results/phase2/privacy/cloaked_images/Lucio_Gutierrez_0004_facenet_cloaked.png,facenet,0.073937
results/phase2/privacy/cloaked_images/Lucy_Liu_0005_cloaked.png,arcface,0.006646
results/phase2/privacy/cloaked_images/Lucy_Liu_0005_facenet_cloaked.png,facenet,0.104817
results/phase2/privacy/cloaked_images/Luis_Ernesto_Derbez_Bautista_0003_cloaked.png,arcface,0.029883
results/phase2/privacy/cloaked_images/Luis_Ernesto_Derbez_Bautista_0003_facenet_cloaked.png,facenet,0.103633
results/phase2/privacy/cloaked_images/Luis_Gonzalez_Macchi_0003_cloaked.png,arcface,0.114367
results/phase2/privacy/cloaked_images/Luis_Gonzalez_Macchi_0003_facenet_cloaked.png,facenet,0.465979
results/phase2/privacy/cloaked_images/Madonna_0002_cloaked.png,arcface,0.154278
results/phase2/privacy/cloaked_images/Madonna_0002_facenet_cloaked.png,facenet,0.339232
results/phase2/privacy/cloaked_images/Madonna_0003_cloaked.png,arcface,0.038940
results/phase2/privacy/cloaked_images/Madonna_0003_facenet_cloaked.png,facenet,0.543387
results/phase2/privacy/cloaked_images/Mahathir_Mohamad_0010_cloaked.png,arcface,0.066937
results/phase2/privacy/cloaked_images/Mahathir_Mohamad_0010_facenet_cloaked.png,facenet,0.141406
results/phase2/privacy/cloaked_images/Mahmoud_Abbas_0021_cloaked.png,arcface,0.004584
results/phase2/privacy/cloaked_images/Mahmoud_Abbas_0021_facenet_cloaked.png,facenet,0.040980
results/phase2/privacy/cloaked_images/Marcelo_Rios_0005_cloaked.png,arcface,0.353980
results/phase2/privacy/cloaked_images/Marcelo_Rios_0005_facenet_cloaked.png,facenet,0.521262
results/phase2/privacy/cloaked_images/Marco_Antonio_Barrera_0004_cloaked.png,arcface,0.144951
results/phase2/privacy/cloaked_images/Marco_Antonio_Barrera_0004_facenet_cloaked.png,facenet,0.139140
results/phase2/privacy/cloaked_images/Mark_Philippoussis_0005_cloaked.png,arcface,0.011633
results/phase2/privacy/cloaked_images/Mark_Philippoussis_0005_facenet_cloaked.png,facenet,0.090047
results/phase2/privacy/cloaked_images/Mark_Philippoussis_0006_cloaked.png,arcface,0.005035
results/phase2/privacy/cloaked_images/Mark_Philippoussis_0006_facenet_cloaked.png,facenet,0.083734
results/phase2/privacy/cloaked_images/Martina_McBride_0001_cloaked.png,arcface,0.062966
results/phase2/privacy/cloaked_images/Martina_McBride_0001_facenet_cloaked.png,facenet,0.307793
results/phase2/privacy/cloaked_images/Michael_Bloomberg_0012_cloaked.png,arcface,0.015946
results/phase2/privacy/cloaked_images/Michael_Bloomberg_0012_facenet_cloaked.png,facenet,0.178748
results/phase2/privacy/cloaked_images/Michael_Chang_0002_cloaked.png,arcface,0.067743
results/phase2/privacy/cloaked_images/Michael_Chang_0002_facenet_cloaked.png,facenet,0.332454
results/phase2/privacy/cloaked_images/Michael_Chang_0003_cloaked.png,arcface,0.056866
results/phase2/privacy/cloaked_images/Michael_Chang_0003_facenet_cloaked.png,facenet,0.191954
results/phase2/privacy/cloaked_images/Michael_Chang_0007_cloaked.png,arcface,0.240176
results/phase2/privacy/cloaked_images/Michael_Chang_0007_facenet_cloaked.png,facenet,0.949288
results/phase2/privacy/cloaked_images/Michelle_Kwan_0007_cloaked.png,arcface,0.005823
results/phase2/privacy/cloaked_images/Michelle_Kwan_0007_facenet_cloaked.png,facenet,0.060724
results/phase2/privacy/cloaked_images/Mike_Krzyzewski_0001_cloaked.png,arcface,0.005850
results/phase2/privacy/cloaked_images/Mike_Krzyzewski_0001_facenet_cloaked.png,facenet,0.073817
results/phase2/privacy/cloaked_images/Mike_Krzyzewski_0002_cloaked.png,arcface,0.000768
results/phase2/privacy/cloaked_images/Mike_Krzyzewski_0002_facenet_cloaked.png,facenet,0.032587
results/phase2/privacy/cloaked_images/Mike_Krzyzewski_0006_cloaked.png,arcface,0.000695
results/phase2/privacy/cloaked_images/Mike_Krzyzewski_0006_facenet_cloaked.png,facenet,0.009562
results/phase2/privacy/cloaked_images/Mohammad_Khatami_0005_cloaked.png,arcface,0.376409
results/phase2/privacy/cloaked_images/Mohammad_Khatami_0005_facenet_cloaked.png,facenet,0.536363
results/phase2/privacy/cloaked_images/Mohammad_Khatami_0010_cloaked.png,arcface,0.097134
results/phase2/privacy/cloaked_images/Mohammad_Khatami_0010_facenet_cloaked.png,facenet,0.248727
results/phase2/privacy/cloaked_images/Monica_Seles_0006_cloaked.png,arcface,0.010004
results/phase2/privacy/cloaked_images/Monica_Seles_0006_facenet_cloaked.png,facenet,0.069927
results/phase2/privacy/cloaked_images/Nadia_Petrova_0004_cloaked.png,arcface,0.007316
results/phase2/privacy/cloaked_images/Nadia_Petrova_0004_facenet_cloaked.png,facenet,0.068357
results/phase2/privacy/cloaked_images/Naomi_Watts_0021_cloaked.png,arcface,0.008804
results/phase2/privacy/cloaked_images/Naomi_Watts_0021_facenet_cloaked.png,facenet,0.028177
results/phase2/privacy/cloaked_images/Naomi_Watts_0022_cloaked.png,arcface,0.029824
results/phase2/privacy/cloaked_images/Naomi_Watts_0022_facenet_cloaked.png,facenet,0.073400
results/phase2/privacy/cloaked_images/Oscar_De_La_Hoya_0007_cloaked.png,arcface,0.022405
results/phase2/privacy/cloaked_images/Oscar_De_La_Hoya_0007_facenet_cloaked.png,facenet,0.029414
results/phase2/privacy/cloaked_images/Oswaldo_Paya_0004_cloaked.png,arcface,0.033304
results/phase2/privacy/cloaked_images/Oswaldo_Paya_0004_facenet_cloaked.png,facenet,0.068589
results/phase2/privacy/cloaked_images/Oswaldo_Paya_0005_cloaked.png,arcface,0.005516
results/phase2/privacy/cloaked_images/Oswaldo_Paya_0005_facenet_cloaked.png,facenet,0.051622
results/phase2/privacy/cloaked_images/Paul_Bremer_0004_cloaked.png,arcface,0.066968
results/phase2/privacy/cloaked_images/Paul_Bremer_0004_facenet_cloaked.png,facenet,0.428598
results/phase2/privacy/cloaked_images/Paul_Bremer_0012_cloaked.png,arcface,0.038423
results/phase2/privacy/cloaked_images/Paul_Bremer_0012_facenet_cloaked.png,facenet,0.299907
results/phase2/privacy/cloaked_images/Paula_Radcliffe_0002_cloaked.png,arcface,0.396167
results/phase2/privacy/cloaked_images/Paula_Radcliffe_0002_facenet_cloaked.png,facenet,0.883557
results/phase2/privacy/cloaked_images/Paula_Radcliffe_0005_cloaked.png,arcface,0.536817
results/phase2/privacy/cloaked_images/Paula_Radcliffe_0005_facenet_cloaked.png,facenet,0.800322
results/phase2/privacy/cloaked_images/Pedro_Almodovar_0003_cloaked.png,arcface,0.027074
results/phase2/privacy/cloaked_images/Pedro_Almodovar_0003_facenet_cloaked.png,facenet,0.441827
results/phase2/privacy/cloaked_images/Pete_Sampras_0006_cloaked.png,arcface,0.006234
results/phase2/privacy/cloaked_images/Pete_Sampras_0006_facenet_cloaked.png,facenet,0.072140
results/phase2/privacy/cloaked_images/Pierce_Brosnan_0002_cloaked.png,arcface,0.008545
results/phase2/privacy/cloaked_images/Pierce_Brosnan_0002_facenet_cloaked.png,facenet,0.026074
results/phase2/privacy/cloaked_images/Pierce_Brosnan_0008_cloaked.png,arcface,0.029302
results/phase2/privacy/cloaked_images/Pierce_Brosnan_0008_facenet_cloaked.png,facenet,0.359197
results/phase2/privacy/cloaked_images/Prince_Charles_0004_cloaked.png,arcface,0.010357
results/phase2/privacy/cloaked_images/Prince_Charles_0004_facenet_cloaked.png,facenet,0.107000
results/phase2/privacy/cloaked_images/Queen_Elizabeth_II_0009_cloaked.png,arcface,0.002527
results/phase2/privacy/cloaked_images/Queen_Elizabeth_II_0009_facenet_cloaked.png,facenet,0.055182
results/phase2/privacy/cloaked_images/Queen_Elizabeth_II_0012_cloaked.png,arcface,0.001015
results/phase2/privacy/cloaked_images/Queen_Elizabeth_II_0012_facenet_cloaked.png,facenet,0.019991
results/phase2/privacy/cloaked_images/Ralf_Schumacher_0004_cloaked.png,arcface,0.006521
results/phase2/privacy/cloaked_images/Ralf_Schumacher_0004_facenet_cloaked.png,facenet,0.101158
results/phase2/privacy/cloaked_images/Ralf_Schumacher_0005_cloaked.png,arcface,0.033430
results/phase2/privacy/cloaked_images/Ralf_Schumacher_0005_facenet_cloaked.png,facenet,0.065657
results/phase2/privacy/cloaked_images/Recep_Tayyip_Erdogan_0021_cloaked.png,arcface,0.050543
results/phase2/privacy/cloaked_images/Recep_Tayyip_Erdogan_0021_facenet_cloaked.png,facenet,0.530316
results/phase2/privacy/cloaked_images/Ricardo_Sanchez_0001_cloaked.png,arcface,0.027566
results/phase2/privacy/cloaked_images/Ricardo_Sanchez_0001_facenet_cloaked.png,facenet,0.028664
results/phase2/privacy/cloaked_images/Ricardo_Sanchez_0005_cloaked.png,arcface,0.022650
results/phase2/privacy/cloaked_images/Ricardo_Sanchez_0005_facenet_cloaked.png,facenet,0.019656
results/phase2/privacy/cloaked_images/Richard_Armitage_0006_cloaked.png,arcface,0.032394
results/phase2/privacy/cloaked_images/Richard_Armitage_0006_facenet_cloaked.png,facenet,0.648193
results/phase2/privacy/cloaked_images/Richard_Armitage_0008_cloaked.png,arcface,0.049158
results/phase2/privacy/cloaked_images/Richard_Armitage_0008_facenet_cloaked.png,facenet,0.792724
results/phase2/privacy/cloaked_images/Richard_Virenque_0003_cloaked.png,arcface,0.021664
results/phase2/privacy/cloaked_images/Richard_Virenque_0003_facenet_cloaked.png,facenet,0.420423
results/phase2/privacy/cloaked_images/Richard_Virenque_0008_cloaked.png,arcface,0.054349
results/phase2/privacy/cloaked_images/Richard_Virenque_0008_facenet_cloaked.png,facenet,0.046701
results/phase2/privacy/cloaked_images/Robert_Duvall_0003_cloaked.png,arcface,0.026429
results/phase2/privacy/cloaked_images/Robert_Duvall_0003_facenet_cloaked.png,facenet,0.043877
results/phase2/privacy/cloaked_images/Robert_Mueller_0002_cloaked.png,arcface,0.013315
results/phase2/privacy/cloaked_images/Robert_Mueller_0002_facenet_cloaked.png,facenet,0.221152
results/phase2/privacy/cloaked_images/Roger_Moore_0001_cloaked.png,arcface,0.030414
results/phase2/privacy/cloaked_images/Roger_Moore_0001_facenet_cloaked.png,facenet,0.058922
results/phase2/privacy/cloaked_images/Romano_Prodi_0005_cloaked.png,arcface,0.014024
results/phase2/privacy/cloaked_images/Romano_Prodi_0005_facenet_cloaked.png,facenet,0.063857
results/phase2/privacy/cloaked_images/Romano_Prodi_0006_cloaked.png,arcface,0.064185
results/phase2/privacy/cloaked_images/Romano_Prodi_0006_facenet_cloaked.png,facenet,0.591671
results/phase2/privacy/cloaked_images/Ron_Dittemore_0006_cloaked.png,arcface,0.098360
results/phase2/privacy/cloaked_images/Ron_Dittemore_0006_facenet_cloaked.png,facenet,0.605166
results/phase2/privacy/cloaked_images/Ron_Dittemore_0008_cloaked.png,arcface,0.070473
results/phase2/privacy/cloaked_images/Ron_Dittemore_0008_facenet_cloaked.png,facenet,0.624752
results/phase2/privacy/cloaked_images/Saddam_Hussein_0004_cloaked.png,arcface,0.056393
results/phase2/privacy/cloaked_images/Saddam_Hussein_0004_facenet_cloaked.png,facenet,0.247231
results/phase2/privacy/cloaked_images/Sarah_Jessica_Parker_0002_cloaked.png,arcface,0.020160
results/phase2/privacy/cloaked_images/Sarah_Jessica_Parker_0002_facenet_cloaked.png,facenet,0.142121
results/phase2/privacy/cloaked_images/Sarah_Jessica_Parker_0006_cloaked.png,arcface,0.020239
results/phase2/privacy/cloaked_images/Sarah_Jessica_Parker_0006_facenet_cloaked.png,facenet,0.112065
results/phase2/privacy/cloaked_images/Scott_Peterson_0001_cloaked.png,arcface,0.068426
results/phase2/privacy/cloaked_images/Scott_Peterson_0001_facenet_cloaked.png,facenet,0.160727
results/phase2/privacy/cloaked_images/Sean_OKeefe_0003_cloaked.png,arcface,0.022363
results/phase2/privacy/cloaked_images/Sean_OKeefe_0003_facenet_cloaked.png,facenet,0.245683
results/phase2/privacy/cloaked_images/Serena_Williams_0039_cloaked.png,arcface,0.010621
results/phase2/privacy/cloaked_images/Serena_Williams_0039_facenet_cloaked.png,facenet,0.048806
results/phase2/privacy/cloaked_images/Shimon_Peres_0003_cloaked.png,arcface,0.005669
results/phase2/privacy/cloaked_images/Shimon_Peres_0003_facenet_cloaked.png,facenet,0.141219
results/phase2/privacy/cloaked_images/Steve_Nash_0002_cloaked.png,arcface,0.029844
results/phase2/privacy/cloaked_images/Steve_Nash_0002_facenet_cloaked.png,facenet,0.079522
results/phase2/privacy/cloaked_images/Steve_Nash_0003_cloaked.png,arcface,0.002069
results/phase2/privacy/cloaked_images/Steve_Nash_0003_facenet_cloaked.png,facenet,0.008121
results/phase2/privacy/cloaked_images/Steven_Spielberg_0002_cloaked.png,arcface,0.024817
results/phase2/privacy/cloaked_images/Steven_Spielberg_0002_facenet_cloaked.png,facenet,0.182100
results/phase2/privacy/cloaked_images/Steven_Spielberg_0005_cloaked.png,arcface,0.040898
results/phase2/privacy/cloaked_images/Steven_Spielberg_0005_facenet_cloaked.png,facenet,0.293339
results/phase2/privacy/cloaked_images/Tariq_Aziz_0003_cloaked.png,arcface,0.062027
results/phase2/privacy/cloaked_images/Tariq_Aziz_0003_facenet_cloaked.png,facenet,0.079527
results/phase2/privacy/cloaked_images/Tim_Henman_0004_cloaked.png,arcface,0.034807
results/phase2/privacy/cloaked_images/Tim_Henman_0004_facenet_cloaked.png,facenet,0.578849
results/phase2/privacy/cloaked_images/Tim_Henman_0017_cloaked.png,arcface,0.034917
results/phase2/privacy/cloaked_images/Tim_Henman_0017_facenet_cloaked.png,facenet,0.061462
results/phase2/privacy/cloaked_images/Tom_Hanks_0006_cloaked.png,arcface,0.017587
results/phase2/privacy/cloaked_images/Tom_Hanks_0006_facenet_cloaked.png,facenet,0.138588
results/phase2/privacy/cloaked_images/Tommy_Thompson_0004_cloaked.png,arcface,0.059241
results/phase2/privacy/cloaked_images/Tommy_Thompson_0004_facenet_cloaked.png,facenet,0.232374
results/phase2/privacy/cloaked_images/Tony_Stewart_0006_cloaked.png,arcface,0.394922
results/phase2/privacy/cloaked_images/Tony_Stewart_0006_facenet_cloaked.png,facenet,0.127568
results/phase2/privacy/cloaked_images/Vaclav_Havel_0001_cloaked.png,arcface,0.019060
results/phase2/privacy/cloaked_images/Vaclav_Havel_0001_facenet_cloaked.png,facenet,0.558915
results/phase2/privacy/cloaked_images/Venus_Williams_0001_cloaked.png,arcface,0.018718
results/phase2/privacy/cloaked_images/Venus_Williams_0001_facenet_cloaked.png,facenet,0.102510
results/phase2/privacy/cloaked_images/Venus_Williams_0005_cloaked.png,arcface,0.045721
results/phase2/privacy/cloaked_images/Venus_Williams_0005_facenet_cloaked.png,facenet,0.105077
results/phase2/privacy/cloaked_images/Venus_Williams_0008_cloaked.png,arcface,0.146793
results/phase2/privacy/cloaked_images/Venus_Williams_0008_facenet_cloaked.png,facenet,0.358787
results/phase2/privacy/cloaked_images/Vicente_Fox_0004_cloaked.png,arcface,0.011555
results/phase2/privacy/cloaked_images/Vicente_Fox_0004_facenet_cloaked.png,facenet,0.124910
results/phase2/privacy/cloaked_images/Vicente_Fox_0027_cloaked.png,arcface,0.011112
results/phase2/privacy/cloaked_images/Vicente_Fox_0027_facenet_cloaked.png,facenet,0.023332
results/phase2/privacy/cloaked_images/Vincent_Brooks_0007_cloaked.png,arcface,0.009859
results/phase2/privacy/cloaked_images/Vincent_Brooks_0007_facenet_cloaked.png,facenet,0.053176
results/phase2/privacy/cloaked_images/Wen_Jiabao_0004_cloaked.png,arcface,0.077083
results/phase2/privacy/cloaked_images/Wen_Jiabao_0004_facenet_cloaked.png,facenet,0.124840
results/phase2/privacy/cloaked_images/William_Macy_0005_cloaked.png,arcface,0.003526
results/phase2/privacy/cloaked_images/William_Macy_0005_facenet_cloaked.png,facenet,0.055119
results/phase2/privacy/cloaked_images/Xanana_Gusmao_0002_cloaked.png,arcface,0.065587
results/phase2/privacy/cloaked_images/Xanana_Gusmao_0002_facenet_cloaked.png,facenet,0.397485
results/phase2/privacy/cloaked_images/Yoriko_Kawaguchi_0008_cloaked.png,arcface,0.016023
results/phase2/privacy/cloaked_images/Yoriko_Kawaguchi_0008_facenet_cloaked.png,facenet,0.346144
