identity_id,arcface_path,facenet_path
Justine_Pasek,Hybrid-Deepfake-Defense-System\data\lfw\arcface_112\Justine_Pasek\Justine_Pasek_0001.png,Hybrid-Deepfake-Defense-System\data\lfw\facenet_160\Justine_Pasek\Justine_Pasek_0001.png
Justine_Pasek,Hybrid-Deepfake-Defense-System\data\lfw\arcface_112\Justine_Pasek\Justine_Pasek_0003.png,Hybrid-Deepfake-Defense-System\data\lfw\facenet_160\Justine_Pasek\Justine_Pasek_0003.png
Justine_Pasek,Hybrid-Deepfake-Defense-System\data\lfw\arcface_112\Justine_Pasek\Justine_Pasek_0005.png,Hybrid-Deepfake-Defense-System\data\lfw\facenet_160\Justine_Pasek\Justine_Pasek_0005.png
Justine_Pasek,Hybrid-Deepfake-Defense-System\data\lfw\arcface_112\Justine_Pasek\Justine_Pasek_0006.png,Hybrid-Deepfake-Defense-System\data\lfw\facenet_160\Justine_Pasek\Justine_Pasek_0006.png
Justine_Pasek,Hybrid-Deepfake-Defense-System\data\lfw\arcface_112\Justine_Pasek\Justine_Pasek_0007.png,Hybrid-Deepfake-Defense-System\data\lfw\facenet_160\Justine_Pasek\Justine_Pasek_0007.png
Allyson_Felix,Hybrid-Deepfake-Defense-System\data\lfw\arcface_112\Allyson_Felix\Allyson_Felix_0001.png,Hybrid-Deepfake-Defense-System\data\lfw\facenet_160\Allyson_Felix\Allyson_Felix_0001.png
Allyson_Felix,Hybrid-Deepfake-Defense-System\data\lfw\arcface_112\Allyson_Felix\Allyson_Felix_0002.png,Hybrid-Deepfake-Defense-System\data\lfw\facenet_160\Allyson_Felix\Allyson_Felix_0002.png
Allyson_Felix,Hybrid-Deepfake-Defense-System\data\lfw\arcface_112\Allyson_Felix\Allyson_Felix_0003.png,Hybrid-Deepfake-Defense-System\data\lfw\facenet_160\Allyson_Felix\Allyson_Felix_0003.png
Allyson_Felix,Hybrid-Deepfake-Defense-System\data\lfw\arcface_112\Allyson_Felix\Allyson_Felix_0004.png,Hybrid-Deepfake-Defense-System\data\lfw\facenet_160\Allyson_Felix\Allyson_Felix_0004.png
Allyson_Felix,Hybrid-Deepfake-Defense-System\data\lfw\arcface_112\Allyson_Felix\Allyson_Felix_0005.png,Hybrid-Deepfake-Defense-System\data\lfw\facenet_160\Allyson_Felix\Allyson_Felix_0005.png
Mariah_Carey,Hybrid-Deepfake-Defense-System\data\lfw\arcface_112\Mariah_Carey\Mariah_Carey_0001.png,Hybrid-Deepfake-Defense-System\data\lfw\facenet_160\Mariah_Carey\Mariah_Carey_0001.png
Mariah_Carey,Hybrid-Deepfake-Defense-System\data\lfw\arcface_112\Mariah_Carey\Mariah_Carey_0002.png,Hybrid-Deepfake-Defense-System\data\lfw\facenet_160\Mariah_Carey\Mariah_Carey_0002.png
Mariah_Carey,Hybrid-Deepfake-Defense-System\data\lfw\arcface_112\Mariah_Carey\Mariah_Carey_0003.png,Hybrid-Deepfake-Defense-System\data\lfw\facenet_160\Mariah_Carey\Mariah_Carey_0003.png
Mariah_Carey,Hybrid-Deepfake-Defense-System\data\lfw\arcface_112\Mariah_Carey\Mariah_Carey_0005.png,Hybrid-Deepfake-Defense-System\data\lfw\facenet_160\Mariah_Carey\Mariah_Carey_0005.png
Mariah_Carey,Hybrid-Deepfake-Defense-System\data\lfw\arcface_112\Mariah_Carey\Mariah_Carey_0006.png,Hybrid-Deepfake-Defense-System\data\lfw\facenet_160\Mariah_Carey\Mariah_Carey_0006.png
David_Wells,Hybrid-Deepfake-Defense-System\data\lfw\arcface_112\David_Wells\David_Wells_0001.png,Hybrid-Deepfake-Defense-System\data\lfw\facenet_160\David_Wells\David_Wells_0001.png
David_Wells,Hybrid-Deepfake-Defense-System\data\lfw\arcface_112\David_Wells\David_Wells_0002.png,Hybrid-Deepfake-Defense-System\data\lfw\facenet_160\David_Wells\David_Wells_0002.png
David_Wells,Hybrid-Deepfake-Defense-System\data\lfw\arcface_112\David_Wells\David_Wells_0003.png,Hybrid-Deepfake-Defense-System\data\lfw\facenet_160\David_Wells\David_Wells_0003.png
David_Wells,Hybrid-Deepfake-Defense-System\data\lfw\arcface_112\David_Wells\David_Wells_0005.png,Hybrid-Deepfake-Defense-System\data\lfw\facenet_160\David_Wells\David_Wells_0005.png
David_Wells,Hybrid-Deepfake-Defense-System\data\lfw\arcface_112\David_Wells\David_Wells_0007.png,Hybrid-Deepfake-Defense-System\data\lfw\facenet_160\David_Wells\David_Wells_0007.png
Enrique_Bolanos,Hybrid-Deepfake-Defense-System\data\lfw\arcface_112\Enrique_Bolanos\Enrique_Bolanos_0001.png,Hybrid-Deepfake-Defense-System\data\lfw\facenet_160\Enrique_Bolanos\Enrique_Bolanos_0001.png
Enrique_Bolanos,Hybrid-Deepfake-Defense-System\data\lfw\arcface_112\Enrique_Bolanos\Enrique_Bolanos_0002.png,Hybrid-Deepfake-Defense-System\data\lfw\facenet_160\Enrique_Bolanos\Enrique_Bolanos_0002.png
Enrique_Bolanos,Hybrid-Deepfake-Defense-System\data\lfw\arcface_112\Enrique_Bolanos\Enrique_Bolanos_0003.png,Hybrid-Deepfake-Defense-System\data\lfw\facenet_160\Enrique_Bolanos\Enrique_Bolanos_0003.png
Enrique_Bolanos,Hybrid-Deepfake-Defense-System\data\lfw\arcface_112\Enrique_Bolanos\Enrique_Bolanos_0004.png,Hybrid-Deepfake-Defense-System\data\lfw\facenet_160\Enrique_Bolanos\Enrique_Bolanos_0004.png
Enrique_Bolanos,Hybrid-Deepfake-Defense-System\data\lfw\arcface_112\Enrique_Bolanos\Enrique_Bolanos_0005.png,Hybrid-Deepfake-Defense-System\data\lfw\facenet_160\Enrique_Bolanos\Enrique_Bolanos_0005.png
Gregg_Popovich,Hybrid-Deepfake-Defense-System\data\lfw\arcface_112\Gregg_Popovich\Gregg_Popovich_0001.png,Hybrid-Deepfake-Defense-System\data\lfw\facenet_160\Gregg_Popovich\Gregg_Popovich_0001.png
Gregg_Popovich,Hybrid-Deepfake-Defense-System\data\lfw\arcface_112\Gregg_Popovich\Gregg_Popovich_0002.png,Hybrid-Deepfake-Defense-System\data\lfw\facenet_160\Gregg_Popovich\Gregg_Popovich_0002.png
Gregg_Popovich,Hybrid-Deepfake-Defense-System\data\lfw\arcface_112\Gregg_Popovich\Gregg_Popovich_0003.png,Hybrid-Deepfake-Defense-System\data\lfw\facenet_160\Gregg_Popovich\Gregg_Popovich_0003.png
Gregg_Popovich,Hybrid-Deepfake-Defense-System\data\lfw\arcface_112\Gregg_Popovich\Gregg_Popovich_0004.png,Hybrid-Deepfake-Defense-System\data\lfw\facenet_160\Gregg_Popovich\Gregg_Popovich_0004.png
Gregg_Popovich,Hybrid-Deepfake-Defense-System\data\lfw\arcface_112\Gregg_Popovich\Gregg_Popovich_0005.png,Hybrid-Deepfake-Defense-System\data\lfw\facenet_160\Gregg_Popovich\Gregg_Popovich_0005.png
Carla_Del_Ponte,Hybrid-Deepfake-Defense-System\data\lfw\arcface_112\Carla_Del_Ponte\Carla_Del_Ponte_0001.png,Hybrid-Deepfake-Defense-System\data\lfw\facenet_160\Carla_Del_Ponte\Carla_Del_Ponte_0001.png
Carla_Del_Ponte,Hybrid-Deepfake-Defense-System\data\lfw\arcface_112\Carla_Del_Ponte\Carla_Del_Ponte_0002.png,Hybrid-Deepfake-Defense-System\data\lfw\facenet_160\Carla_Del_Ponte\Carla_Del_Ponte_0002.png
Carla_Del_Ponte,Hybrid-Deepfake-Defense-System\data\lfw\arcface_112\Carla_Del_Ponte\Carla_Del_Ponte_0003.png,Hybrid-Deepfake-Defense-System\data\lfw\facenet_160\Carla_Del_Ponte\Carla_Del_Ponte_0003.png
Carla_Del_Ponte,Hybrid-Deepfake-Defense-System\data\lfw\arcface_112\Carla_Del_Ponte\Carla_Del_Ponte_0004.png,Hybrid-Deepfake-Defense-System\data\lfw\facenet_160\Carla_Del_Ponte\Carla_Del_Ponte_0004.png
Carla_Del_Ponte,Hybrid-Deepfake-Defense-System\data\lfw\arcface_112\Carla_Del_Ponte\Carla_Del_Ponte_0005.png,Hybrid-Deepfake-Defense-System\data\lfw\facenet_160\Carla_Del_Ponte\Carla_Del_Ponte_0005.png
Roman_Polanski,Hybrid-Deepfake-Defense-System\data\lfw\arcface_112\Roman_Polanski\Roman_Polanski_0001.png,Hybrid-Deepfake-Defense-System\data\lfw\facenet_160\Roman_Polanski\Roman_Polanski_0001.png
Roman_Polanski,Hybrid-Deepfake-Defense-System\data\lfw\arcface_112\Roman_Polanski\Roman_Polanski_0002.png,Hybrid-Deepfake-Defense-System\data\lfw\facenet_160\Roman_Polanski\Roman_Polanski_0002.png
Roman_Polanski,Hybrid-Deepfake-Defense-System\data\lfw\arcface_112\Roman_Polanski\Roman_Polanski_0003.png,Hybrid-Deepfake-Defense-System\data\lfw\facenet_160\Roman_Polanski\Roman_Polanski_0003.png
Roman_Polanski,Hybrid-Deepfake-Defense-System\data\lfw\arcface_112\Roman_Polanski\Roman_Polanski_0005.png,Hybrid-Deepfake-Defense-System\data\lfw\facenet_160\Roman_Polanski\Roman_Polanski_0005.png
Roman_Polanski,Hybrid-Deepfake-Defense-System\data\lfw\arcface_112\Roman_Polanski\Roman_Polanski_0006.png,Hybrid-Deepfake-Defense-System\data\lfw\facenet_160\Roman_Polanski\Roman_Polanski_0006.png
Igor_Ivanov,Hybrid-Deepfake-Defense-System\data\lfw\arcface_112\Igor_Ivanov\Igor_Ivanov_0003.png,Hybrid-Deepfake-Defense-System\data\lfw\facenet_160\Igor_Ivanov\Igor_Ivanov_0003.png
Igor_Ivanov,Hybrid-Deepfake-Defense-System\data\lfw\arcface_112\Igor_Ivanov\Igor_Ivanov_0007.png,Hybrid-Deepfake-Defense-System\data\lfw\facenet_160\Igor_Ivanov\Igor_Ivanov_0007.png
Igor_Ivanov,Hybrid-Deepfake-Defense-System\data\lfw\arcface_112\Igor_Ivanov\Igor_Ivanov_0008.png,Hybrid-Deepfake-Defense-System\data\lfw\facenet_160\Igor_Ivanov\Igor_Ivanov_0008.png
Igor_Ivanov,Hybrid-Deepfake-Defense-System\data\lfw\arcface_112\Igor_Ivanov\Igor_Ivanov_0010.png,Hybrid-Deepfake-Defense-System\data\lfw\facenet_160\Igor_Ivanov\Igor_Ivanov_0010.png
Igor_Ivanov,Hybrid-Deepfake-Defense-System\data\lfw\arcface_112\Igor_Ivanov\Igor_Ivanov_0019.png,Hybrid-Deepfake-Defense-System\data\lfw\facenet_160\Igor_Ivanov\Igor_Ivanov_0019.png
William_Donaldson,Hybrid-Deepfake-Defense-System\data\lfw\arcface_112\William_Donaldson\William_Donaldson_0001.png,Hybrid-Deepfake-Defense-System\data\lfw\facenet_160\William_Donaldson\William_Donaldson_0001.png
William_Donaldson,Hybrid-Deepfake-Defense-System\data\lfw\arcface_112\William_Donaldson\William_Donaldson_0003.png,Hybrid-Deepfake-Defense-System\data\lfw\facenet_160\William_Donaldson\William_Donaldson_0003.png
William_Donaldson,Hybrid-Deepfake-Defense-System\data\lfw\arcface_112\William_Donaldson\William_Donaldson_0004.png,Hybrid-Deepfake-Defense-System\data\lfw\facenet_160\William_Donaldson\William_Donaldson_0004.png
William_Donaldson,Hybrid-Deepfake-Defense-System\data\lfw\arcface_112\William_Donaldson\William_Donaldson_0005.png,Hybrid-Deepfake-Defense-System\data\lfw\facenet_160\William_Donaldson\William_Donaldson_0005.png
William_Donaldson,Hybrid-Deepfake-Defense-System\data\lfw\arcface_112\William_Donaldson\William_Donaldson_0007.png,Hybrid-Deepfake-Defense-System\data\lfw\facenet_160\William_Donaldson\William_Donaldson_0007.png
Jose_Manuel_Durao_Barroso,Hybrid-Deepfake-Defense-System\data\lfw\arcface_112\Jose_Manuel_Durao_Barroso\Jose_Manuel_Durao_Barroso_0002.png,Hybrid-Deepfake-Defense-System\data\lfw\facenet_160\Jose_Manuel_Durao_Barroso\Jose_Manuel_Durao_Barroso_0002.png
Jose_Manuel_Durao_Barroso,Hybrid-Deepfake-Defense-System\data\lfw\arcface_112\Jose_Manuel_Durao_Barroso\Jose_Manuel_Durao_Barroso_0003.png,Hybrid-Deepfake-Defense-System\data\lfw\facenet_160\Jose_Manuel_Durao_Barroso\Jose_Manuel_Durao_Barroso_0003.png
Jose_Manuel_Durao_Barroso,Hybrid-Deepfake-Defense-System\data\lfw\arcface_112\Jose_Manuel_Durao_Barroso\Jose_Manuel_Durao_Barroso_0004.png,Hybrid-Deepfake-Defense-System\data\lfw\facenet_160\Jose_Manuel_Durao_Barroso\Jose_Manuel_Durao_Barroso_0004.png
Jose_Manuel_Durao_Barroso,Hybrid-Deepfake-Defense-System\data\lfw\arcface_112\Jose_Manuel_Durao_Barroso\Jose_Manuel_Durao_Barroso_0005.png,Hybrid-Deepfake-Defense-System\data\lfw\facenet_160\Jose_Manuel_Durao_Barroso\Jose_Manuel_Durao_Barroso_0005.png
Jose_Manuel_Durao_Barroso,Hybrid-Deepfake-Defense-System\data\lfw\arcface_112\Jose_Manuel_Durao_Barroso\Jose_Manuel_Durao_Barroso_0006.png,Hybrid-Deepfake-Defense-System\data\lfw\facenet_160\Jose_Manuel_Durao_Barroso\Jose_Manuel_Durao_Barroso_0006.png
Bill_Graham,Hybrid-Deepfake-Defense-System\data\lfw\arcface_112\Bill_Graham\Bill_Graham_0001.png,Hybrid-Deepfake-Defense-System\data\lfw\facenet_160\Bill_Graham\Bill_Graham_0001.png
Bill_Graham,Hybrid-Deepfake-Defense-System\data\lfw\arcface_112\Bill_Graham\Bill_Graham_0003.png,Hybrid-Deepfake-Defense-System\data\lfw\facenet_160\Bill_Graham\Bill_Graham_0003.png
Bill_Graham,Hybrid-Deepfake-Defense-System\data\lfw\arcface_112\Bill_Graham\Bill_Graham_0004.png,Hybrid-Deepfake-Defense-System\data\lfw\facenet_160\Bill_Graham\Bill_Graham_0004.png
Bill_Graham,Hybrid-Deepfake-Defense-System\data\lfw\arcface_112\Bill_Graham\Bill_Graham_0006.png,Hybrid-Deepfake-Defense-System\data\lfw\facenet_160\Bill_Graham\Bill_Graham_0006.png
Bill_Graham,Hybrid-Deepfake-Defense-System\data\lfw\arcface_112\Bill_Graham\Bill_Graham_0007.png,Hybrid-Deepfake-Defense-System\data\lfw\facenet_160\Bill_Graham\Bill_Graham_0007.png
James_Blake,Hybrid-Deepfake-Defense-System\data\lfw\arcface_112\James_Blake\James_Blake_0001.png,Hybrid-Deepfake-Defense-System\data\lfw\facenet_160\James_Blake\James_Blake_0001.png
James_Blake,Hybrid-Deepfake-Defense-System\data\lfw\arcface_112\James_Blake\James_Blake_0008.png,Hybrid-Deepfake-Defense-System\data\lfw\facenet_160\James_Blake\James_Blake_0008.png
James_Blake,Hybrid-Deepfake-Defense-System\data\lfw\arcface_112\James_Blake\James_Blake_0009.png,Hybrid-Deepfake-Defense-System\data\lfw\facenet_160\James_Blake\James_Blake_0009.png
James_Blake,Hybrid-Deepfake-Defense-System\data\lfw\arcface_112\James_Blake\James_Blake_0012.png,Hybrid-Deepfake-Defense-System\data\lfw\facenet_160\James_Blake\James_Blake_0012.png
James_Blake,Hybrid-Deepfake-Defense-System\data\lfw\arcface_112\James_Blake\James_Blake_0013.png,Hybrid-Deepfake-Defense-System\data\lfw\facenet_160\James_Blake\James_Blake_0013.png
Jon_Gruden,Hybrid-Deepfake-Defense-System\data\lfw\arcface_112\Jon_Gruden\Jon_Gruden_0003.png,Hybrid-Deepfake-Defense-System\data\lfw\facenet_160\Jon_Gruden\Jon_Gruden_0003.png
Jon_Gruden,Hybrid-Deepfake-Defense-System\data\lfw\arcface_112\Jon_Gruden\Jon_Gruden_0004.png,Hybrid-Deepfake-Defense-System\data\lfw\facenet_160\Jon_Gruden\Jon_Gruden_0004.png
Jon_Gruden,Hybrid-Deepfake-Defense-System\data\lfw\arcface_112\Jon_Gruden\Jon_Gruden_0005.png,Hybrid-Deepfake-Defense-System\data\lfw\facenet_160\Jon_Gruden\Jon_Gruden_0005.png
Jon_Gruden,Hybrid-Deepfake-Defense-System\data\lfw\arcface_112\Jon_Gruden\Jon_Gruden_0006.png,Hybrid-Deepfake-Defense-System\data\lfw\facenet_160\Jon_Gruden\Jon_Gruden_0006.png
Jon_Gruden,Hybrid-Deepfake-Defense-System\data\lfw\arcface_112\Jon_Gruden\Jon_Gruden_0007.png,Hybrid-Deepfake-Defense-System\data\lfw\facenet_160\Jon_Gruden\Jon_Gruden_0007.png
Sergio_Vieira_De_Mello,Hybrid-Deepfake-Defense-System\data\lfw\arcface_112\Sergio_Vieira_De_Mello\Sergio_Vieira_De_Mello_0004.png,Hybrid-Deepfake-Defense-System\data\lfw\facenet_160\Sergio_Vieira_De_Mello\Sergio_Vieira_De_Mello_0004.png
Sergio_Vieira_De_Mello,Hybrid-Deepfake-Defense-System\data\lfw\arcface_112\Sergio_Vieira_De_Mello\Sergio_Vieira_De_Mello_0005.png,Hybrid-Deepfake-Defense-System\data\lfw\facenet_160\Sergio_Vieira_De_Mello\Sergio_Vieira_De_Mello_0005.png
Sergio_Vieira_De_Mello,Hybrid-Deepfake-Defense-System\data\lfw\arcface_112\Sergio_Vieira_De_Mello\Sergio_Vieira_De_Mello_0006.png,Hybrid-Deepfake-Defense-System\data\lfw\facenet_160\Sergio_Vieira_De_Mello\Sergio_Vieira_De_Mello_0006.png
Sergio_Vieira_De_Mello,Hybrid-Deepfake-Defense-System\data\lfw\arcface_112\Sergio_Vieira_De_Mello\Sergio_Vieira_De_Mello_0008.png,Hybrid-Deepfake-Defense-System\data\lfw\facenet_160\Sergio_Vieira_De_Mello\Sergio_Vieira_De_Mello_0008.png
Sergio_Vieira_De_Mello,Hybrid-Deepfake-Defense-System\data\lfw\arcface_112\Sergio_Vieira_De_Mello\Sergio_Vieira_De_Mello_0009.png,Hybrid-Deepfake-Defense-System\data\lfw\facenet_160\Sergio_Vieira_De_Mello\Sergio_Vieira_De_Mello_0009.png
Chen_Shui-bian,Hybrid-Deepfake-Defense-System\data\lfw\arcface_112\Chen_Shui-bian\Chen_Shui-bian_0001.png,Hybrid-Deepfake-Defense-System\data\lfw\facenet_160\Chen_Shui-bian\Chen_Shui-bian_0001.png
Chen_Shui-bian,Hybrid-Deepfake-Defense-System\data\lfw\arcface_112\Chen_Shui-bian\Chen_Shui-bian_0002.png,Hybrid-Deepfake-Defense-System\data\lfw\facenet_160\Chen_Shui-bian\Chen_Shui-bian_0002.png
Chen_Shui-bian,Hybrid-Deepfake-Defense-System\data\lfw\arcface_112\Chen_Shui-bian\Chen_Shui-bian_0003.png,Hybrid-Deepfake-Defense-System\data\lfw\facenet_160\Chen_Shui-bian\Chen_Shui-bian_0003.png
Chen_Shui-bian,Hybrid-Deepfake-Defense-System\data\lfw\arcface_112\Chen_Shui-bian\Chen_Shui-bian_0004.png,Hybrid-Deepfake-Defense-System\data\lfw\facenet_160\Chen_Shui-bian\Chen_Shui-bian_0004.png
Chen_Shui-bian,Hybrid-Deepfake-Defense-System\data\lfw\arcface_112\Chen_Shui-bian\Chen_Shui-bian_0005.png,Hybrid-Deepfake-Defense-System\data\lfw\facenet_160\Chen_Shui-bian\Chen_Shui-bian_0005.png
Thomas_OBrien,Hybrid-Deepfake-Defense-System\data\lfw\arcface_112\Thomas_OBrien\Thomas_OBrien_0002.png,Hybrid-Deepfake-Defense-System\data\lfw\facenet_160\Thomas_OBrien\Thomas_OBrien_0002.png
Thomas_OBrien,Hybrid-Deepfake-Defense-System\data\lfw\arcface_112\Thomas_OBrien\Thomas_OBrien_0003.png,Hybrid-Deepfake-Defense-System\data\lfw\facenet_160\Thomas_OBrien\Thomas_OBrien_0003.png
Thomas_OBrien,Hybrid-Deepfake-Defense-System\data\lfw\arcface_112\Thomas_OBrien\Thomas_OBrien_0004.png,Hybrid-Deepfake-Defense-System\data\lfw\facenet_160\Thomas_OBrien\Thomas_OBrien_0004.png
Thomas_OBrien,Hybrid-Deepfake-Defense-System\data\lfw\arcface_112\Thomas_OBrien\Thomas_OBrien_0007.png,Hybrid-Deepfake-Defense-System\data\lfw\facenet_160\Thomas_OBrien\Thomas_OBrien_0007.png
Thomas_OBrien,Hybrid-Deepfake-Defense-System\data\lfw\arcface_112\Thomas_OBrien\Thomas_OBrien_0009.png,Hybrid-Deepfake-Defense-System\data\lfw\facenet_160\Thomas_OBrien\Thomas_OBrien_0009.png
David_Heymann,Hybrid-Deepfake-Defense-System\data\lfw\arcface_112\David_Heymann\David_Heymann_0001.png,Hybrid-Deepfake-Defense-System\data\lfw\facenet_160\David_Heymann\David_Heymann_0001.png
David_Heymann,Hybrid-Deepfake-Defense-System\data\lfw\arcface_112\David_Heymann\David_Heymann_0002.png,Hybrid-Deepfake-Defense-System\data\lfw\facenet_160\David_Heymann\David_Heymann_0002.png
David_Heymann,Hybrid-Deepfake-Defense-System\data\lfw\arcface_112\David_Heymann\David_Heymann_0003.png,Hybrid-Deepfake-Defense-System\data\lfw\facenet_160\David_Heymann\David_Heymann_0003.png
David_Heymann,Hybrid-Deepfake-Defense-System\data\lfw\arcface_112\David_Heymann\David_Heymann_0004.png,Hybrid-Deepfake-Defense-System\data\lfw\facenet_160\David_Heymann\David_Heymann_0004.png
David_Heymann,Hybrid-Deepfake-Defense-System\data\lfw\arcface_112\David_Heymann\David_Heymann_0005.png,Hybrid-Deepfake-Defense-System\data\lfw\facenet_160\David_Heymann\David_Heymann_0005.png
Colin_Farrell,Hybrid-Deepfake-Defense-System\data\lfw\arcface_112\Colin_Farrell\Colin_Farrell_0001.png,Hybrid-Deepfake-Defense-System\data\lfw\facenet_160\Colin_Farrell\Colin_Farrell_0001.png
Colin_Farrell,Hybrid-Deepfake-Defense-System\data\lfw\arcface_112\Colin_Farrell\Colin_Farrell_0003.png,Hybrid-Deepfake-Defense-System\data\lfw\facenet_160\Colin_Farrell\Colin_Farrell_0003.png
Colin_Farrell,Hybrid-Deepfake-Defense-System\data\lfw\arcface_112\Colin_Farrell\Colin_Farrell_0004.png,Hybrid-Deepfake-Defense-System\data\lfw\facenet_160\Colin_Farrell\Colin_Farrell_0004.png
Colin_Farrell,Hybrid-Deepfake-Defense-System\data\lfw\arcface_112\Colin_Farrell\Colin_Farrell_0007.png,Hybrid-Deepfake-Defense-System\data\lfw\facenet_160\Colin_Farrell\Colin_Farrell_0007.png
Colin_Farrell,Hybrid-Deepfake-Defense-System\data\lfw\arcface_112\Colin_Farrell\Colin_Farrell_0008.png,Hybrid-Deepfake-Defense-System\data\lfw\facenet_160\Colin_Farrell\Colin_Farrell_0008.png
Michael_Douglas,Hybrid-Deepfake-Defense-System\data\lfw\arcface_112\Michael_Douglas\Michael_Douglas_0001.png,Hybrid-Deepfake-Defense-System\data\lfw\facenet_160\Michael_Douglas\Michael_Douglas_0001.png
Michael_Douglas,Hybrid-Deepfake-Defense-System\data\lfw\arcface_112\Michael_Douglas\Michael_Douglas_0002.png,Hybrid-Deepfake-Defense-System\data\lfw\facenet_160\Michael_Douglas\Michael_Douglas_0002.png
Michael_Douglas,Hybrid-Deepfake-Defense-System\data\lfw\arcface_112\Michael_Douglas\Michael_Douglas_0003.png,Hybrid-Deepfake-Defense-System\data\lfw\facenet_160\Michael_Douglas\Michael_Douglas_0003.png
Michael_Douglas,Hybrid-Deepfake-Defense-System\data\lfw\arcface_112\Michael_Douglas\Michael_Douglas_0004.png,Hybrid-Deepfake-Defense-System\data\lfw\facenet_160\Michael_Douglas\Michael_Douglas_0004.png
Michael_Douglas,Hybrid-Deepfake-Defense-System\data\lfw\arcface_112\Michael_Douglas\Michael_Douglas_0006.png,Hybrid-Deepfake-Defense-System\data\lfw\facenet_160\Michael_Douglas\Michael_Douglas_0006.png
Jacques_Chirac,Hybrid-Deepfake-Defense-System\data\lfw\arcface_112\Jacques_Chirac\Jacques_Chirac_0007.png,Hybrid-Deepfake-Defense-System\data\lfw\facenet_160\Jacques_Chirac\Jacques_Chirac_0007.png
Jacques_Chirac,Hybrid-Deepfake-Defense-System\data\lfw\arcface_112\Jacques_Chirac\Jacques_Chirac_0020.png,Hybrid-Deepfake-Defense-System\data\lfw\facenet_160\Jacques_Chirac\Jacques_Chirac_0020.png
Jacques_Chirac,Hybrid-Deepfake-Defense-System\data\lfw\arcface_112\Jacques_Chirac\Jacques_Chirac_0044.png,Hybrid-Deepfake-Defense-System\data\lfw\facenet_160\Jacques_Chirac\Jacques_Chirac_0044.png
Jacques_Chirac,Hybrid-Deepfake-Defense-System\data\lfw\arcface_112\Jacques_Chirac\Jacques_Chirac_0045.png,Hybrid-Deepfake-Defense-System\data\lfw\facenet_160\Jacques_Chirac\Jacques_Chirac_0045.png
Jacques_Chirac,Hybrid-Deepfake-Defense-System\data\lfw\arcface_112\Jacques_Chirac\Jacques_Chirac_0050.png,Hybrid-Deepfake-Defense-System\data\lfw\facenet_160\Jacques_Chirac\Jacques_Chirac_0050.png
Brad_Johnson,Hybrid-Deepfake-Defense-System\data\lfw\arcface_112\Brad_Johnson\Brad_Johnson_0001.png,Hybrid-Deepfake-Defense-System\data\lfw\facenet_160\Brad_Johnson\Brad_Johnson_0001.png
Brad_Johnson,Hybrid-Deepfake-Defense-System\data\lfw\arcface_112\Brad_Johnson\Brad_Johnson_0002.png,Hybrid-Deepfake-Defense-System\data\lfw\facenet_160\Brad_Johnson\Brad_Johnson_0002.png
Brad_Johnson,Hybrid-Deepfake-Defense-System\data\lfw\arcface_112\Brad_Johnson\Brad_Johnson_0003.png,Hybrid-Deepfake-Defense-System\data\lfw\facenet_160\Brad_Johnson\Brad_Johnson_0003.png
Brad_Johnson,Hybrid-Deepfake-Defense-System\data\lfw\arcface_112\Brad_Johnson\Brad_Johnson_0004.png,Hybrid-Deepfake-Defense-System\data\lfw\facenet_160\Brad_Johnson\Brad_Johnson_0004.png
Brad_Johnson,Hybrid-Deepfake-Defense-System\data\lfw\arcface_112\Brad_Johnson\Brad_Johnson_0005.png,Hybrid-Deepfake-Defense-System\data\lfw\facenet_160\Brad_Johnson\Brad_Johnson_0005.png
Clay_Aiken,Hybrid-Deepfake-Defense-System\data\lfw\arcface_112\Clay_Aiken\Clay_Aiken_0001.png,Hybrid-Deepfake-Defense-System\data\lfw\facenet_160\Clay_Aiken\Clay_Aiken_0001.png
Clay_Aiken,Hybrid-Deepfake-Defense-System\data\lfw\arcface_112\Clay_Aiken\Clay_Aiken_0002.png,Hybrid-Deepfake-Defense-System\data\lfw\facenet_160\Clay_Aiken\Clay_Aiken_0002.png
Clay_Aiken,Hybrid-Deepfake-Defense-System\data\lfw\arcface_112\Clay_Aiken\Clay_Aiken_0003.png,Hybrid-Deepfake-Defense-System\data\lfw\facenet_160\Clay_Aiken\Clay_Aiken_0003.png
Clay_Aiken,Hybrid-Deepfake-Defense-System\data\lfw\arcface_112\Clay_Aiken\Clay_Aiken_0005.png,Hybrid-Deepfake-Defense-System\data\lfw\facenet_160\Clay_Aiken\Clay_Aiken_0005.png
Clay_Aiken,Hybrid-Deepfake-Defense-System\data\lfw\arcface_112\Clay_Aiken\Clay_Aiken_0006.png,Hybrid-Deepfake-Defense-System\data\lfw\facenet_160\Clay_Aiken\Clay_Aiken_0006.png
Calista_Flockhart,Hybrid-Deepfake-Defense-System\data\lfw\arcface_112\Calista_Flockhart\Calista_Flockhart_0002.png,Hybrid-Deepfake-Defense-System\data\lfw\facenet_160\Calista_Flockhart\Calista_Flockhart_0002.png
Calista_Flockhart,Hybrid-Deepfake-Defense-System\data\lfw\arcface_112\Calista_Flockhart\Calista_Flockhart_0003.png,Hybrid-Deepfake-Defense-System\data\lfw\facenet_160\Calista_Flockhart\Calista_Flockhart_0003.png
Calista_Flockhart,Hybrid-Deepfake-Defense-System\data\lfw\arcface_112\Calista_Flockhart\Calista_Flockhart_0004.png,Hybrid-Deepfake-Defense-System\data\lfw\facenet_160\Calista_Flockhart\Calista_Flockhart_0004.png
Calista_Flockhart,Hybrid-Deepfake-Defense-System\data\lfw\arcface_112\Calista_Flockhart\Calista_Flockhart_0005.png,Hybrid-Deepfake-Defense-System\data\lfw\facenet_160\Calista_Flockhart\Calista_Flockhart_0005.png
Calista_Flockhart,Hybrid-Deepfake-Defense-System\data\lfw\arcface_112\Calista_Flockhart\Calista_Flockhart_0006.png,Hybrid-Deepfake-Defense-System\data\lfw\facenet_160\Calista_Flockhart\Calista_Flockhart_0006.png
Michael_Jackson,Hybrid-Deepfake-Defense-System\data\lfw\arcface_112\Michael_Jackson\Michael_Jackson_0005.png,Hybrid-Deepfake-Defense-System\data\lfw\facenet_160\Michael_Jackson\Michael_Jackson_0005.png
Michael_Jackson,Hybrid-Deepfake-Defense-System\data\lfw\arcface_112\Michael_Jackson\Michael_Jackson_0006.png,Hybrid-Deepfake-Defense-System\data\lfw\facenet_160\Michael_Jackson\Michael_Jackson_0006.png
Michael_Jackson,Hybrid-Deepfake-Defense-System\data\lfw\arcface_112\Michael_Jackson\Michael_Jackson_0008.png,Hybrid-Deepfake-Defense-System\data\lfw\facenet_160\Michael_Jackson\Michael_Jackson_0008.png
Michael_Jackson,Hybrid-Deepfake-Defense-System\data\lfw\arcface_112\Michael_Jackson\Michael_Jackson_0009.png,Hybrid-Deepfake-Defense-System\data\lfw\facenet_160\Michael_Jackson\Michael_Jackson_0009.png
Michael_Jackson,Hybrid-Deepfake-Defense-System\data\lfw\arcface_112\Michael_Jackson\Michael_Jackson_0010.png,Hybrid-Deepfake-Defense-System\data\lfw\facenet_160\Michael_Jackson\Michael_Jackson_0010.png
Nestor_Kirchner,Hybrid-Deepfake-Defense-System\data\lfw\arcface_112\Nestor_Kirchner\Nestor_Kirchner_0008.png,Hybrid-Deepfake-Defense-System\data\lfw\facenet_160\Nestor_Kirchner\Nestor_Kirchner_0008.png
Nestor_Kirchner,Hybrid-Deepfake-Defense-System\data\lfw\arcface_112\Nestor_Kirchner\Nestor_Kirchner_0013.png,Hybrid-Deepfake-Defense-System\data\lfw\facenet_160\Nestor_Kirchner\Nestor_Kirchner_0013.png
Nestor_Kirchner,Hybrid-Deepfake-Defense-System\data\lfw\arcface_112\Nestor_Kirchner\Nestor_Kirchner_0015.png,Hybrid-Deepfake-Defense-System\data\lfw\facenet_160\Nestor_Kirchner\Nestor_Kirchner_0015.png
Nestor_Kirchner,Hybrid-Deepfake-Defense-System\data\lfw\arcface_112\Nestor_Kirchner\Nestor_Kirchner_0021.png,Hybrid-Deepfake-Defense-System\data\lfw\facenet_160\Nestor_Kirchner\Nestor_Kirchner_0021.png
Nestor_Kirchner,Hybrid-Deepfake-Defense-System\data\lfw\arcface_112\Nestor_Kirchner\Nestor_Kirchner_0035.png,Hybrid-Deepfake-Defense-System\data\lfw\facenet_160\Nestor_Kirchner\Nestor_Kirchner_0035.png
Jose_Serra,Hybrid-Deepfake-Defense-System\data\lfw\arcface_112\Jose_Serra\Jose_Serra_0002.png,Hybrid-Deepfake-Defense-System\data\lfw\facenet_160\Jose_Serra\Jose_Serra_0002.png
Jose_Serra,Hybrid-Deepfake-Defense-System\data\lfw\arcface_112\Jose_Serra\Jose_Serra_0003.png,Hybrid-Deepfake-Defense-System\data\lfw\facenet_160\Jose_Serra\Jose_Serra_0003.png
Jose_Serra,Hybrid-Deepfake-Defense-System\data\lfw\arcface_112\Jose_Serra\Jose_Serra_0004.png,Hybrid-Deepfake-Defense-System\data\lfw\facenet_160\Jose_Serra\Jose_Serra_0004.png
Jose_Serra,Hybrid-Deepfake-Defense-System\data\lfw\arcface_112\Jose_Serra\Jose_Serra_0006.png,Hybrid-Deepfake-Defense-System\data\lfw\facenet_160\Jose_Serra\Jose_Serra_0006.png
Jose_Serra,Hybrid-Deepfake-Defense-System\data\lfw\arcface_112\Jose_Serra\Jose_Serra_0008.png,Hybrid-Deepfake-Defense-System\data\lfw\facenet_160\Jose_Serra\Jose_Serra_0008.png
Ashanti,Hybrid-Deepfake-Defense-System\data\lfw\arcface_112\Ashanti\Ashanti_0001.png,Hybrid-Deepfake-Defense-System\data\lfw\facenet_160\Ashanti\Ashanti_0001.png
Ashanti,Hybrid-Deepfake-Defense-System\data\lfw\arcface_112\Ashanti\Ashanti_0002.png,Hybrid-Deepfake-Defense-System\data\lfw\facenet_160\Ashanti\Ashanti_0002.png
Ashanti,Hybrid-Deepfake-Defense-System\data\lfw\arcface_112\Ashanti\Ashanti_0003.png,Hybrid-Deepfake-Defense-System\data\lfw\facenet_160\Ashanti\Ashanti_0003.png
Ashanti,Hybrid-Deepfake-Defense-System\data\lfw\arcface_112\Ashanti\Ashanti_0004.png,Hybrid-Deepfake-Defense-System\data\lfw\facenet_160\Ashanti\Ashanti_0004.png
Ashanti,Hybrid-Deepfake-Defense-System\data\lfw\arcface_112\Ashanti\Ashanti_0005.png,Hybrid-Deepfake-Defense-System\data\lfw\facenet_160\Ashanti\Ashanti_0005.png
Ciro_Gomes,Hybrid-Deepfake-Defense-System\data\lfw\arcface_112\Ciro_Gomes\Ciro_Gomes_0001.png,Hybrid-Deepfake-Defense-System\data\lfw\facenet_160\Ciro_Gomes\Ciro_Gomes_0001.png
Ciro_Gomes,Hybrid-Deepfake-Defense-System\data\lfw\arcface_112\Ciro_Gomes\Ciro_Gomes_0002.png,Hybrid-Deepfake-Defense-System\data\lfw\facenet_160\Ciro_Gomes\Ciro_Gomes_0002.png
Ciro_Gomes,Hybrid-Deepfake-Defense-System\data\lfw\arcface_112\Ciro_Gomes\Ciro_Gomes_0003.png,Hybrid-Deepfake-Defense-System\data\lfw\facenet_160\Ciro_Gomes\Ciro_Gomes_0003.png
Ciro_Gomes,Hybrid-Deepfake-Defense-System\data\lfw\arcface_112\Ciro_Gomes\Ciro_Gomes_0004.png,Hybrid-Deepfake-Defense-System\data\lfw\facenet_160\Ciro_Gomes\Ciro_Gomes_0004.png
Ciro_Gomes,Hybrid-Deepfake-Defense-System\data\lfw\arcface_112\Ciro_Gomes\Ciro_Gomes_0005.png,Hybrid-Deepfake-Defense-System\data\lfw\facenet_160\Ciro_Gomes\Ciro_Gomes_0005.png
Jan_Ullrich,Hybrid-Deepfake-Defense-System\data\lfw\arcface_112\Jan_Ullrich\Jan_Ullrich_0001.png,Hybrid-Deepfake-Defense-System\data\lfw\facenet_160\Jan_Ullrich\Jan_Ullrich_0001.png
Jan_Ullrich,Hybrid-Deepfake-Defense-System\data\lfw\arcface_112\Jan_Ullrich\Jan_Ullrich_0003.png,Hybrid-Deepfake-Defense-System\data\lfw\facenet_160\Jan_Ullrich\Jan_Ullrich_0003.png
Jan_Ullrich,Hybrid-Deepfake-Defense-System\data\lfw\arcface_112\Jan_Ullrich\Jan_Ullrich_0004.png,Hybrid-Deepfake-Defense-System\data\lfw\facenet_160\Jan_Ullrich\Jan_Ullrich_0004.png
Jan_Ullrich,Hybrid-Deepfake-Defense-System\data\lfw\arcface_112\Jan_Ullrich\Jan_Ullrich_0005.png,Hybrid-Deepfake-Defense-System\data\lfw\facenet_160\Jan_Ullrich\Jan_Ullrich_0005.png
Jan_Ullrich,Hybrid-Deepfake-Defense-System\data\lfw\arcface_112\Jan_Ullrich\Jan_Ullrich_0006.png,Hybrid-Deepfake-Defense-System\data\lfw\facenet_160\Jan_Ullrich\Jan_Ullrich_0006.png
John_Kerry,Hybrid-Deepfake-Defense-System\data\lfw\arcface_112\John_Kerry\John_Kerry_0005.png,Hybrid-Deepfake-Defense-System\data\lfw\facenet_160\John_Kerry\John_Kerry_0005.png
John_Kerry,Hybrid-Deepfake-Defense-System\data\lfw\arcface_112\John_Kerry\John_Kerry_0008.png,Hybrid-Deepfake-Defense-System\data\lfw\facenet_160\John_Kerry\John_Kerry_0008.png
John_Kerry,Hybrid-Deepfake-Defense-System\data\lfw\arcface_112\John_Kerry\John_Kerry_0013.png,Hybrid-Deepfake-Defense-System\data\lfw\facenet_160\John_Kerry\John_Kerry_0013.png
John_Kerry,Hybrid-Deepfake-Defense-System\data\lfw\arcface_112\John_Kerry\John_Kerry_0015.png,Hybrid-Deepfake-Defense-System\data\lfw\facenet_160\John_Kerry\John_Kerry_0015.png
John_Kerry,Hybrid-Deepfake-Defense-System\data\lfw\arcface_112\John_Kerry\John_Kerry_0017.png,Hybrid-Deepfake-Defense-System\data\lfw\facenet_160\John_Kerry\John_Kerry_0017.png
Ali_Naimi,Hybrid-Deepfake-Defense-System\data\lfw\arcface_112\Ali_Naimi\Ali_Naimi_0001.png,Hybrid-Deepfake-Defense-System\data\lfw\facenet_160\Ali_Naimi\Ali_Naimi_0001.png
Ali_Naimi,Hybrid-Deepfake-Defense-System\data\lfw\arcface_112\Ali_Naimi\Ali_Naimi_0002.png,Hybrid-Deepfake-Defense-System\data\lfw\facenet_160\Ali_Naimi\Ali_Naimi_0002.png
Ali_Naimi,Hybrid-Deepfake-Defense-System\data\lfw\arcface_112\Ali_Naimi\Ali_Naimi_0005.png,Hybrid-Deepfake-Defense-System\data\lfw\facenet_160\Ali_Naimi\Ali_Naimi_0005.png
Ali_Naimi,Hybrid-Deepfake-Defense-System\data\lfw\arcface_112\Ali_Naimi\Ali_Naimi_0006.png,Hybrid-Deepfake-Defense-System\data\lfw\facenet_160\Ali_Naimi\Ali_Naimi_0006.png
Ali_Naimi,Hybrid-Deepfake-Defense-System\data\lfw\arcface_112\Ali_Naimi\Ali_Naimi_0008.png,Hybrid-Deepfake-Defense-System\data\lfw\facenet_160\Ali_Naimi\Ali_Naimi_0008.png
Charles_Moose,Hybrid-Deepfake-Defense-System\data\lfw\arcface_112\Charles_Moose\Charles_Moose_0002.png,Hybrid-Deepfake-Defense-System\data\lfw\facenet_160\Charles_Moose\Charles_Moose_0002.png
Charles_Moose,Hybrid-Deepfake-Defense-System\data\lfw\arcface_112\Charles_Moose\Charles_Moose_0003.png,Hybrid-Deepfake-Defense-System\data\lfw\facenet_160\Charles_Moose\Charles_Moose_0003.png
Charles_Moose,Hybrid-Deepfake-Defense-System\data\lfw\arcface_112\Charles_Moose\Charles_Moose_0004.png,Hybrid-Deepfake-Defense-System\data\lfw\facenet_160\Charles_Moose\Charles_Moose_0004.png
Charles_Moose,Hybrid-Deepfake-Defense-System\data\lfw\arcface_112\Charles_Moose\Charles_Moose_0005.png,Hybrid-Deepfake-Defense-System\data\lfw\facenet_160\Charles_Moose\Charles_Moose_0005.png
Charles_Moose,Hybrid-Deepfake-Defense-System\data\lfw\arcface_112\Charles_Moose\Charles_Moose_0011.png,Hybrid-Deepfake-Defense-System\data\lfw\facenet_160\Charles_Moose\Charles_Moose_0011.png
Luiz_Inacio_Lula_da_Silva,Hybrid-Deepfake-Defense-System\data\lfw\arcface_112\Luiz_Inacio_Lula_da_Silva\Luiz_Inacio_Lula_da_Silva_0027.png,Hybrid-Deepfake-Defense-System\data\lfw\facenet_160\Luiz_Inacio_Lula_da_Silva\Luiz_Inacio_Lula_da_Silva_0027.png
Luiz_Inacio_Lula_da_Silva,Hybrid-Deepfake-Defense-System\data\lfw\arcface_112\Luiz_Inacio_Lula_da_Silva\Luiz_Inacio_Lula_da_Silva_0029.png,Hybrid-Deepfake-Defense-System\data\lfw\facenet_160\Luiz_Inacio_Lula_da_Silva\Luiz_Inacio_Lula_da_Silva_0029.png
Luiz_Inacio_Lula_da_Silva,Hybrid-Deepfake-Defense-System\data\lfw\arcface_112\Luiz_Inacio_Lula_da_Silva\Luiz_Inacio_Lula_da_Silva_0031.png,Hybrid-Deepfake-Defense-System\data\lfw\facenet_160\Luiz_Inacio_Lula_da_Silva\Luiz_Inacio_Lula_da_Silva_0031.png
Luiz_Inacio_Lula_da_Silva,Hybrid-Deepfake-Defense-System\data\lfw\arcface_112\Luiz_Inacio_Lula_da_Silva\Luiz_Inacio_Lula_da_Silva_0039.png,Hybrid-Deepfake-Defense-System\data\lfw\facenet_160\Luiz_Inacio_Lula_da_Silva\Luiz_Inacio_Lula_da_Silva_0039.png
Luiz_Inacio_Lula_da_Silva,Hybrid-Deepfake-Defense-System\data\lfw\arcface_112\Luiz_Inacio_Lula_da_Silva\Luiz_Inacio_Lula_da_Silva_0045.png,Hybrid-Deepfake-Defense-System\data\lfw\facenet_160\Luiz_Inacio_Lula_da_Silva\Luiz_Inacio_Lula_da_Silva_0045.png
Michael_Phelps,Hybrid-Deepfake-Defense-System\data\lfw\arcface_112\Michael_Phelps\Michael_Phelps_0001.png,Hybrid-Deepfake-Defense-System\data\lfw\facenet_160\Michael_Phelps\Michael_Phelps_0001.png
Michael_Phelps,Hybrid-Deepfake-Defense-System\data\lfw\arcface_112\Michael_Phelps\Michael_Phelps_0002.png,Hybrid-Deepfake-Defense-System\data\lfw\facenet_160\Michael_Phelps\Michael_Phelps_0002.png
Michael_Phelps,Hybrid-Deepfake-Defense-System\data\lfw\arcface_112\Michael_Phelps\Michael_Phelps_0003.png,Hybrid-Deepfake-Defense-System\data\lfw\facenet_160\Michael_Phelps\Michael_Phelps_0003.png
Michael_Phelps,Hybrid-Deepfake-Defense-System\data\lfw\arcface_112\Michael_Phelps\Michael_Phelps_0004.png,Hybrid-Deepfake-Defense-System\data\lfw\facenet_160\Michael_Phelps\Michael_Phelps_0004.png
Michael_Phelps,Hybrid-Deepfake-Defense-System\data\lfw\arcface_112\Michael_Phelps\Michael_Phelps_0005.png,Hybrid-Deepfake-Defense-System\data\lfw\facenet_160\Michael_Phelps\Michael_Phelps_0005.png
Alan_Greenspan,Hybrid-Deepfake-Defense-System\data\lfw\arcface_112\Alan_Greenspan\Alan_Greenspan_0001.png,Hybrid-Deepfake-Defense-System\data\lfw\facenet_160\Alan_Greenspan\Alan_Greenspan_0001.png
Alan_Greenspan,Hybrid-Deepfake-Defense-System\data\lfw\arcface_112\Alan_Greenspan\Alan_Greenspan_0002.png,Hybrid-Deepfake-Defense-System\data\lfw\facenet_160\Alan_Greenspan\Alan_Greenspan_0002.png
Alan_Greenspan,Hybrid-Deepfake-Defense-System\data\lfw\arcface_112\Alan_Greenspan\Alan_Greenspan_0003.png,Hybrid-Deepfake-Defense-System\data\lfw\facenet_160\Alan_Greenspan\Alan_Greenspan_0003.png
Alan_Greenspan,Hybrid-Deepfake-Defense-System\data\lfw\arcface_112\Alan_Greenspan\Alan_Greenspan_0004.png,Hybrid-Deepfake-Defense-System\data\lfw\facenet_160\Alan_Greenspan\Alan_Greenspan_0004.png
Alan_Greenspan,Hybrid-Deepfake-Defense-System\data\lfw\arcface_112\Alan_Greenspan\Alan_Greenspan_0005.png,Hybrid-Deepfake-Defense-System\data\lfw\facenet_160\Alan_Greenspan\Alan_Greenspan_0005.png
Scott_McClellan,Hybrid-Deepfake-Defense-System\data\lfw\arcface_112\Scott_McClellan\Scott_McClellan_0001.png,Hybrid-Deepfake-Defense-System\data\lfw\facenet_160\Scott_McClellan\Scott_McClellan_0001.png
Scott_McClellan,Hybrid-Deepfake-Defense-System\data\lfw\arcface_112\Scott_McClellan\Scott_McClellan_0002.png,Hybrid-Deepfake-Defense-System\data\lfw\facenet_160\Scott_McClellan\Scott_McClellan_0002.png
Scott_McClellan,Hybrid-Deepfake-Defense-System\data\lfw\arcface_112\Scott_McClellan\Scott_McClellan_0003.png,Hybrid-Deepfake-Defense-System\data\lfw\facenet_160\Scott_McClellan\Scott_McClellan_0003.png
Scott_McClellan,Hybrid-Deepfake-Defense-System\data\lfw\arcface_112\Scott_McClellan\Scott_McClellan_0004.png,Hybrid-Deepfake-Defense-System\data\lfw\facenet_160\Scott_McClellan\Scott_McClellan_0004.png
Scott_McClellan,Hybrid-Deepfake-Defense-System\data\lfw\arcface_112\Scott_McClellan\Scott_McClellan_0005.png,Hybrid-Deepfake-Defense-System\data\lfw\facenet_160\Scott_McClellan\Scott_McClellan_0005.png
Dominique_de_Villepin,Hybrid-Deepfake-Defense-System\data\lfw\arcface_112\Dominique_de_Villepin\Dominique_de_Villepin_0003.png,Hybrid-Deepfake-Defense-System\data\lfw\facenet_160\Dominique_de_Villepin\Dominique_de_Villepin_0003.png
Dominique_de_Villepin,Hybrid-Deepfake-Defense-System\data\lfw\arcface_112\Dominique_de_Villepin\Dominique_de_Villepin_0005.png,Hybrid-Deepfake-Defense-System\data\lfw\facenet_160\Dominique_de_Villepin\Dominique_de_Villepin_0005.png
Dominique_de_Villepin,Hybrid-Deepfake-Defense-System\data\lfw\arcface_112\Dominique_de_Villepin\Dominique_de_Villepin_0007.png,Hybrid-Deepfake-Defense-System\data\lfw\facenet_160\Dominique_de_Villepin\Dominique_de_Villepin_0007.png
Dominique_de_Villepin,Hybrid-Deepfake-Defense-System\data\lfw\arcface_112\Dominique_de_Villepin\Dominique_de_Villepin_0010.png,Hybrid-Deepfake-Defense-System\data\lfw\facenet_160\Dominique_de_Villepin\Dominique_de_Villepin_0010.png
Dominique_de_Villepin,Hybrid-Deepfake-Defense-System\data\lfw\arcface_112\Dominique_de_Villepin\Dominique_de_Villepin_0015.png,Hybrid-Deepfake-Defense-System\data\lfw\facenet_160\Dominique_de_Villepin\Dominique_de_Villepin_0015.png
John_Abizaid,Hybrid-Deepfake-Defense-System\data\lfw\arcface_112\John_Abizaid\John_Abizaid_0001.png,Hybrid-Deepfake-Defense-System\data\lfw\facenet_160\John_Abizaid\John_Abizaid_0001.png
John_Abizaid,Hybrid-Deepfake-Defense-System\data\lfw\arcface_112\John_Abizaid\John_Abizaid_0004.png,Hybrid-Deepfake-Defense-System\data\lfw\facenet_160\John_Abizaid\John_Abizaid_0004.png
John_Abizaid,Hybrid-Deepfake-Defense-System\data\lfw\arcface_112\John_Abizaid\John_Abizaid_0005.png,Hybrid-Deepfake-Defense-System\data\lfw\facenet_160\John_Abizaid\John_Abizaid_0005.png
John_Abizaid,Hybrid-Deepfake-Defense-System\data\lfw\arcface_112\John_Abizaid\John_Abizaid_0006.png,Hybrid-Deepfake-Defense-System\data\lfw\facenet_160\John_Abizaid\John_Abizaid_0006.png
John_Abizaid,Hybrid-Deepfake-Defense-System\data\lfw\arcface_112\John_Abizaid\John_Abizaid_0009.png,Hybrid-Deepfake-Defense-System\data\lfw\facenet_160\John_Abizaid\John_Abizaid_0009.png
Jim_Furyk,Hybrid-Deepfake-Defense-System\data\lfw\arcface_112\Jim_Furyk\Jim_Furyk_0001.png,Hybrid-Deepfake-Defense-System\data\lfw\facenet_160\Jim_Furyk\Jim_Furyk_0001.png
Jim_Furyk,Hybrid-Deepfake-Defense-System\data\lfw\arcface_112\Jim_Furyk\Jim_Furyk_0002.png,Hybrid-Deepfake-Defense-System\data\lfw\facenet_160\Jim_Furyk\Jim_Furyk_0002.png
Jim_Furyk,Hybrid-Deepfake-Defense-System\data\lfw\arcface_112\Jim_Furyk\Jim_Furyk_0004.png,Hybrid-Deepfake-Defense-System\data\lfw\facenet_160\Jim_Furyk\Jim_Furyk_0004.png
Jim_Furyk,Hybrid-Deepfake-Defense-System\data\lfw\arcface_112\Jim_Furyk\Jim_Furyk_0005.png,Hybrid-Deepfake-Defense-System\data\lfw\facenet_160\Jim_Furyk\Jim_Furyk_0005.png
Jim_Furyk,Hybrid-Deepfake-Defense-System\data\lfw\arcface_112\Jim_Furyk\Jim_Furyk_0006.png,Hybrid-Deepfake-Defense-System\data\lfw\facenet_160\Jim_Furyk\Jim_Furyk_0006.png
Mick_Jagger,Hybrid-Deepfake-Defense-System\data\lfw\arcface_112\Mick_Jagger\Mick_Jagger_0001.png,Hybrid-Deepfake-Defense-System\data\lfw\facenet_160\Mick_Jagger\Mick_Jagger_0001.png
Mick_Jagger,Hybrid-Deepfake-Defense-System\data\lfw\arcface_112\Mick_Jagger\Mick_Jagger_0002.png,Hybrid-Deepfake-Defense-System\data\lfw\facenet_160\Mick_Jagger\Mick_Jagger_0002.png
Mick_Jagger,Hybrid-Deepfake-Defense-System\data\lfw\arcface_112\Mick_Jagger\Mick_Jagger_0003.png,Hybrid-Deepfake-Defense-System\data\lfw\facenet_160\Mick_Jagger\Mick_Jagger_0003.png
Mick_Jagger,Hybrid-Deepfake-Defense-System\data\lfw\arcface_112\Mick_Jagger\Mick_Jagger_0004.png,Hybrid-Deepfake-Defense-System\data\lfw\facenet_160\Mick_Jagger\Mick_Jagger_0004.png
Mick_Jagger,Hybrid-Deepfake-Defense-System\data\lfw\arcface_112\Mick_Jagger\Mick_Jagger_0005.png,Hybrid-Deepfake-Defense-System\data\lfw\facenet_160\Mick_Jagger\Mick_Jagger_0005.png
Hugo_Chavez,Hybrid-Deepfake-Defense-System\data\lfw\arcface_112\Hugo_Chavez\Hugo_Chavez_0043.png,Hybrid-Deepfake-Defense-System\data\lfw\facenet_160\Hugo_Chavez\Hugo_Chavez_0043.png
Hugo_Chavez,Hybrid-Deepfake-Defense-System\data\lfw\arcface_112\Hugo_Chavez\Hugo_Chavez_0045.png,Hybrid-Deepfake-Defense-System\data\lfw\facenet_160\Hugo_Chavez\Hugo_Chavez_0045.png
Hugo_Chavez,Hybrid-Deepfake-Defense-System\data\lfw\arcface_112\Hugo_Chavez\Hugo_Chavez_0049.png,Hybrid-Deepfake-Defense-System\data\lfw\facenet_160\Hugo_Chavez\Hugo_Chavez_0049.png
Hugo_Chavez,Hybrid-Deepfake-Defense-System\data\lfw\arcface_112\Hugo_Chavez\Hugo_Chavez_0070.png,Hybrid-Deepfake-Defense-System\data\lfw\facenet_160\Hugo_Chavez\Hugo_Chavez_0070.png
Hugo_Chavez,Hybrid-Deepfake-Defense-System\data\lfw\arcface_112\Hugo_Chavez\Hugo_Chavez_0071.png,Hybrid-Deepfake-Defense-System\data\lfw\facenet_160\Hugo_Chavez\Hugo_Chavez_0071.png
Tang_Jiaxuan,Hybrid-Deepfake-Defense-System\data\lfw\arcface_112\Tang_Jiaxuan\Tang_Jiaxuan_0002.png,Hybrid-Deepfake-Defense-System\data\lfw\facenet_160\Tang_Jiaxuan\Tang_Jiaxuan_0002.png
Tang_Jiaxuan,Hybrid-Deepfake-Defense-System\data\lfw\arcface_112\Tang_Jiaxuan\Tang_Jiaxuan_0004.png,Hybrid-Deepfake-Defense-System\data\lfw\facenet_160\Tang_Jiaxuan\Tang_Jiaxuan_0004.png
Tang_Jiaxuan,Hybrid-Deepfake-Defense-System\data\lfw\arcface_112\Tang_Jiaxuan\Tang_Jiaxuan_0007.png,Hybrid-Deepfake-Defense-System\data\lfw\facenet_160\Tang_Jiaxuan\Tang_Jiaxuan_0007.png
Tang_Jiaxuan,Hybrid-Deepfake-Defense-System\data\lfw\arcface_112\Tang_Jiaxuan\Tang_Jiaxuan_0009.png,Hybrid-Deepfake-Defense-System\data\lfw\facenet_160\Tang_Jiaxuan\Tang_Jiaxuan_0009.png
Tang_Jiaxuan,Hybrid-Deepfake-Defense-System\data\lfw\arcface_112\Tang_Jiaxuan\Tang_Jiaxuan_0011.png,Hybrid-Deepfake-Defense-System\data\lfw\facenet_160\Tang_Jiaxuan\Tang_Jiaxuan_0011.png
Sergei_Ivanov,Hybrid-Deepfake-Defense-System\data\lfw\arcface_112\Sergei_Ivanov\Sergei_Ivanov_0001.png,Hybrid-Deepfake-Defense-System\data\lfw\facenet_160\Sergei_Ivanov\Sergei_Ivanov_0001.png
Sergei_Ivanov,Hybrid-Deepfake-Defense-System\data\lfw\arcface_112\Sergei_Ivanov\Sergei_Ivanov_0002.png,Hybrid-Deepfake-Defense-System\data\lfw\facenet_160\Sergei_Ivanov\Sergei_Ivanov_0002.png
Sergei_Ivanov,Hybrid-Deepfake-Defense-System\data\lfw\arcface_112\Sergei_Ivanov\Sergei_Ivanov_0003.png,Hybrid-Deepfake-Defense-System\data\lfw\facenet_160\Sergei_Ivanov\Sergei_Ivanov_0003.png
Sergei_Ivanov,Hybrid-Deepfake-Defense-System\data\lfw\arcface_112\Sergei_Ivanov\Sergei_Ivanov_0004.png,Hybrid-Deepfake-Defense-System\data\lfw\facenet_160\Sergei_Ivanov\Sergei_Ivanov_0004.png
Sergei_Ivanov,Hybrid-Deepfake-Defense-System\data\lfw\arcface_112\Sergei_Ivanov\Sergei_Ivanov_0005.png,Hybrid-Deepfake-Defense-System\data\lfw\facenet_160\Sergei_Ivanov\Sergei_Ivanov_0005.png
Tom_Ridge,Hybrid-Deepfake-Defense-System\data\lfw\arcface_112\Tom_Ridge\Tom_Ridge_0010.png,Hybrid-Deepfake-Defense-System\data\lfw\facenet_160\Tom_Ridge\Tom_Ridge_0010.png
Tom_Ridge,Hybrid-Deepfake-Defense-System\data\lfw\arcface_112\Tom_Ridge\Tom_Ridge_0015.png,Hybrid-Deepfake-Defense-System\data\lfw\facenet_160\Tom_Ridge\Tom_Ridge_0015.png
Tom_Ridge,Hybrid-Deepfake-Defense-System\data\lfw\arcface_112\Tom_Ridge\Tom_Ridge_0016.png,Hybrid-Deepfake-Defense-System\data\lfw\facenet_160\Tom_Ridge\Tom_Ridge_0016.png
Tom_Ridge,Hybrid-Deepfake-Defense-System\data\lfw\arcface_112\Tom_Ridge\Tom_Ridge_0030.png,Hybrid-Deepfake-Defense-System\data\lfw\facenet_160\Tom_Ridge\Tom_Ridge_0030.png
Tom_Ridge,Hybrid-Deepfake-Defense-System\data\lfw\arcface_112\Tom_Ridge\Tom_Ridge_0032.png,Hybrid-Deepfake-Defense-System\data\lfw\facenet_160\Tom_Ridge\Tom_Ridge_0032.png
Leonardo_DiCaprio,Hybrid-Deepfake-Defense-System\data\lfw\arcface_112\Leonardo_DiCaprio\Leonardo_DiCaprio_0002.png,Hybrid-Deepfake-Defense-System\data\lfw\facenet_160\Leonardo_DiCaprio\Leonardo_DiCaprio_0002.png
Leonardo_DiCaprio,Hybrid-Deepfake-Defense-System\data\lfw\arcface_112\Leonardo_DiCaprio\Leonardo_DiCaprio_0003.png,Hybrid-Deepfake-Defense-System\data\lfw\facenet_160\Leonardo_DiCaprio\Leonardo_DiCaprio_0003.png
Leonardo_DiCaprio,Hybrid-Deepfake-Defense-System\data\lfw\arcface_112\Leonardo_DiCaprio\Leonardo_DiCaprio_0004.png,Hybrid-Deepfake-Defense-System\data\lfw\facenet_160\Leonardo_DiCaprio\Leonardo_DiCaprio_0004.png
Leonardo_DiCaprio,Hybrid-Deepfake-Defense-System\data\lfw\arcface_112\Leonardo_DiCaprio\Leonardo_DiCaprio_0005.png,Hybrid-Deepfake-Defense-System\data\lfw\facenet_160\Leonardo_DiCaprio\Leonardo_DiCaprio_0005.png
Leonardo_DiCaprio,Hybrid-Deepfake-Defense-System\data\lfw\arcface_112\Leonardo_DiCaprio\Leonardo_DiCaprio_0007.png,Hybrid-Deepfake-Defense-System\data\lfw\facenet_160\Leonardo_DiCaprio\Leonardo_DiCaprio_0007.png
Gene_Robinson,Hybrid-Deepfake-Defense-System\data\lfw\arcface_112\Gene_Robinson\Gene_Robinson_0001.png,Hybrid-Deepfake-Defense-System\data\lfw\facenet_160\Gene_Robinson\Gene_Robinson_0001.png
Gene_Robinson,Hybrid-Deepfake-Defense-System\data\lfw\arcface_112\Gene_Robinson\Gene_Robinson_0002.png,Hybrid-Deepfake-Defense-System\data\lfw\facenet_160\Gene_Robinson\Gene_Robinson_0002.png
Gene_Robinson,Hybrid-Deepfake-Defense-System\data\lfw\arcface_112\Gene_Robinson\Gene_Robinson_0003.png,Hybrid-Deepfake-Defense-System\data\lfw\facenet_160\Gene_Robinson\Gene_Robinson_0003.png
Gene_Robinson,Hybrid-Deepfake-Defense-System\data\lfw\arcface_112\Gene_Robinson\Gene_Robinson_0004.png,Hybrid-Deepfake-Defense-System\data\lfw\facenet_160\Gene_Robinson\Gene_Robinson_0004.png
Gene_Robinson,Hybrid-Deepfake-Defense-System\data\lfw\arcface_112\Gene_Robinson\Gene_Robinson_0005.png,Hybrid-Deepfake-Defense-System\data\lfw\facenet_160\Gene_Robinson\Gene_Robinson_0005.png
Norah_Jones,Hybrid-Deepfake-Defense-System\data\lfw\arcface_112\Norah_Jones\Norah_Jones_0001.png,Hybrid-Deepfake-Defense-System\data\lfw\facenet_160\Norah_Jones\Norah_Jones_0001.png
Norah_Jones,Hybrid-Deepfake-Defense-System\data\lfw\arcface_112\Norah_Jones\Norah_Jones_0002.png,Hybrid-Deepfake-Defense-System\data\lfw\facenet_160\Norah_Jones\Norah_Jones_0002.png
Norah_Jones,Hybrid-Deepfake-Defense-System\data\lfw\arcface_112\Norah_Jones\Norah_Jones_0011.png,Hybrid-Deepfake-Defense-System\data\lfw\facenet_160\Norah_Jones\Norah_Jones_0011.png
Norah_Jones,Hybrid-Deepfake-Defense-System\data\lfw\arcface_112\Norah_Jones\Norah_Jones_0013.png,Hybrid-Deepfake-Defense-System\data\lfw\facenet_160\Norah_Jones\Norah_Jones_0013.png
Norah_Jones,Hybrid-Deepfake-Defense-System\data\lfw\arcface_112\Norah_Jones\Norah_Jones_0015.png,Hybrid-Deepfake-Defense-System\data\lfw\facenet_160\Norah_Jones\Norah_Jones_0015.png
Yao_Ming,Hybrid-Deepfake-Defense-System\data\lfw\arcface_112\Yao_Ming\Yao_Ming_0002.png,Hybrid-Deepfake-Defense-System\data\lfw\facenet_160\Yao_Ming\Yao_Ming_0002.png
Yao_Ming,Hybrid-Deepfake-Defense-System\data\lfw\arcface_112\Yao_Ming\Yao_Ming_0003.png,Hybrid-Deepfake-Defense-System\data\lfw\facenet_160\Yao_Ming\Yao_Ming_0003.png
Yao_Ming,Hybrid-Deepfake-Defense-System\data\lfw\arcface_112\Yao_Ming\Yao_Ming_0006.png,Hybrid-Deepfake-Defense-System\data\lfw\facenet_160\Yao_Ming\Yao_Ming_0006.png
Yao_Ming,Hybrid-Deepfake-Defense-System\data\lfw\arcface_112\Yao_Ming\Yao_Ming_0007.png,Hybrid-Deepfake-Defense-System\data\lfw\facenet_160\Yao_Ming\Yao_Ming_0007.png
Yao_Ming,Hybrid-Deepfake-Defense-System\data\lfw\arcface_112\Yao_Ming\Yao_Ming_0008.png,Hybrid-Deepfake-Defense-System\data\lfw\facenet_160\Yao_Ming\Yao_Ming_0008.png
Ray_Romano,Hybrid-Deepfake-Defense-System\data\lfw\arcface_112\Ray_Romano\Ray_Romano_0002.png,Hybrid-Deepfake-Defense-System\data\lfw\facenet_160\Ray_Romano\Ray_Romano_0002.png
Ray_Romano,Hybrid-Deepfake-Defense-System\data\lfw\arcface_112\Ray_Romano\Ray_Romano_0003.png,Hybrid-Deepfake-Defense-System\data\lfw\facenet_160\Ray_Romano\Ray_Romano_0003.png
Ray_Romano,Hybrid-Deepfake-Defense-System\data\lfw\arcface_112\Ray_Romano\Ray_Romano_0005.png,Hybrid-Deepfake-Defense-System\data\lfw\facenet_160\Ray_Romano\Ray_Romano_0005.png
Ray_Romano,Hybrid-Deepfake-Defense-System\data\lfw\arcface_112\Ray_Romano\Ray_Romano_0007.png,Hybrid-Deepfake-Defense-System\data\lfw\facenet_160\Ray_Romano\Ray_Romano_0007.png
Ray_Romano,Hybrid-Deepfake-Defense-System\data\lfw\arcface_112\Ray_Romano\Ray_Romano_0009.png,Hybrid-Deepfake-Defense-System\data\lfw\facenet_160\Ray_Romano\Ray_Romano_0009.png
Jennifer_Lopez,Hybrid-Deepfake-Defense-System\data\lfw\arcface_112\Jennifer_Lopez\Jennifer_Lopez_0004.png,Hybrid-Deepfake-Defense-System\data\lfw\facenet_160\Jennifer_Lopez\Jennifer_Lopez_0004.png
Jennifer_Lopez,Hybrid-Deepfake-Defense-System\data\lfw\arcface_112\Jennifer_Lopez\Jennifer_Lopez_0010.png,Hybrid-Deepfake-Defense-System\data\lfw\facenet_160\Jennifer_Lopez\Jennifer_Lopez_0010.png
Jennifer_Lopez,Hybrid-Deepfake-Defense-System\data\lfw\arcface_112\Jennifer_Lopez\Jennifer_Lopez_0011.png,Hybrid-Deepfake-Defense-System\data\lfw\facenet_160\Jennifer_Lopez\Jennifer_Lopez_0011.png
Jennifer_Lopez,Hybrid-Deepfake-Defense-System\data\lfw\arcface_112\Jennifer_Lopez\Jennifer_Lopez_0015.png,Hybrid-Deepfake-Defense-System\data\lfw\facenet_160\Jennifer_Lopez\Jennifer_Lopez_0015.png
Jennifer_Lopez,Hybrid-Deepfake-Defense-System\data\lfw\arcface_112\Jennifer_Lopez\Jennifer_Lopez_0016.png,Hybrid-Deepfake-Defense-System\data\lfw\facenet_160\Jennifer_Lopez\Jennifer_Lopez_0016.png
Julianne_Moore,Hybrid-Deepfake-Defense-System\data\lfw\arcface_112\Julianne_Moore\Julianne_Moore_0001.png,Hybrid-Deepfake-Defense-System\data\lfw\facenet_160\Julianne_Moore\Julianne_Moore_0001.png
Julianne_Moore,Hybrid-Deepfake-Defense-System\data\lfw\arcface_112\Julianne_Moore\Julianne_Moore_0003.png,Hybrid-Deepfake-Defense-System\data\lfw\facenet_160\Julianne_Moore\Julianne_Moore_0003.png
Julianne_Moore,Hybrid-Deepfake-Defense-System\data\lfw\arcface_112\Julianne_Moore\Julianne_Moore_0012.png,Hybrid-Deepfake-Defense-System\data\lfw\facenet_160\Julianne_Moore\Julianne_Moore_0012.png
Julianne_Moore,Hybrid-Deepfake-Defense-System\data\lfw\arcface_112\Julianne_Moore\Julianne_Moore_0013.png,Hybrid-Deepfake-Defense-System\data\lfw\facenet_160\Julianne_Moore\Julianne_Moore_0013.png
Julianne_Moore,Hybrid-Deepfake-Defense-System\data\lfw\arcface_112\Julianne_Moore\Julianne_Moore_0018.png,Hybrid-Deepfake-Defense-System\data\lfw\facenet_160\Julianne_Moore\Julianne_Moore_0018.png
Ariel_Sharon,Hybrid-Deepfake-Defense-System\data\lfw\arcface_112\Ariel_Sharon\Ariel_Sharon_0016.png,Hybrid-Deepfake-Defense-System\data\lfw\facenet_160\Ariel_Sharon\Ariel_Sharon_0016.png
Ariel_Sharon,Hybrid-Deepfake-Defense-System\data\lfw\arcface_112\Ariel_Sharon\Ariel_Sharon_0034.png,Hybrid-Deepfake-Defense-System\data\lfw\facenet_160\Ariel_Sharon\Ariel_Sharon_0034.png
Ariel_Sharon,Hybrid-Deepfake-Defense-System\data\lfw\arcface_112\Ariel_Sharon\Ariel_Sharon_0048.png,Hybrid-Deepfake-Defense-System\data\lfw\facenet_160\Ariel_Sharon\Ariel_Sharon_0048.png
Ariel_Sharon,Hybrid-Deepfake-Defense-System\data\lfw\arcface_112\Ariel_Sharon\Ariel_Sharon_0059.png,Hybrid-Deepfake-Defense-System\data\lfw\facenet_160\Ariel_Sharon\Ariel_Sharon_0059.png
Ariel_Sharon,Hybrid-Deepfake-Defense-System\data\lfw\arcface_112\Ariel_Sharon\Ariel_Sharon_0069.png,Hybrid-Deepfake-Defense-System\data\lfw\facenet_160\Ariel_Sharon\Ariel_Sharon_0069.png
Elton_John,Hybrid-Deepfake-Defense-System\data\lfw\arcface_112\Elton_John\Elton_John_0001.png,Hybrid-Deepfake-Defense-System\data\lfw\facenet_160\Elton_John\Elton_John_0001.png
Elton_John,Hybrid-Deepfake-Defense-System\data\lfw\arcface_112\Elton_John\Elton_John_0002.png,Hybrid-Deepfake-Defense-System\data\lfw\facenet_160\Elton_John\Elton_John_0002.png
Elton_John,Hybrid-Deepfake-Defense-System\data\lfw\arcface_112\Elton_John\Elton_John_0003.png,Hybrid-Deepfake-Defense-System\data\lfw\facenet_160\Elton_John\Elton_John_0003.png
Elton_John,Hybrid-Deepfake-Defense-System\data\lfw\arcface_112\Elton_John\Elton_John_0004.png,Hybrid-Deepfake-Defense-System\data\lfw\facenet_160\Elton_John\Elton_John_0004.png
Elton_John,Hybrid-Deepfake-Defense-System\data\lfw\arcface_112\Elton_John\Elton_John_0006.png,Hybrid-Deepfake-Defense-System\data\lfw\facenet_160\Elton_John\Elton_John_0006.png
Emma_Watson,Hybrid-Deepfake-Defense-System\data\lfw\arcface_112\Emma_Watson\Emma_Watson_0001.png,Hybrid-Deepfake-Defense-System\data\lfw\facenet_160\Emma_Watson\Emma_Watson_0001.png
Emma_Watson,Hybrid-Deepfake-Defense-System\data\lfw\arcface_112\Emma_Watson\Emma_Watson_0002.png,Hybrid-Deepfake-Defense-System\data\lfw\facenet_160\Emma_Watson\Emma_Watson_0002.png
Emma_Watson,Hybrid-Deepfake-Defense-System\data\lfw\arcface_112\Emma_Watson\Emma_Watson_0003.png,Hybrid-Deepfake-Defense-System\data\lfw\facenet_160\Emma_Watson\Emma_Watson_0003.png
Emma_Watson,Hybrid-Deepfake-Defense-System\data\lfw\arcface_112\Emma_Watson\Emma_Watson_0004.png,Hybrid-Deepfake-Defense-System\data\lfw\facenet_160\Emma_Watson\Emma_Watson_0004.png
Emma_Watson,Hybrid-Deepfake-Defense-System\data\lfw\arcface_112\Emma_Watson\Emma_Watson_0005.png,Hybrid-Deepfake-Defense-System\data\lfw\facenet_160\Emma_Watson\Emma_Watson_0005.png
Dennis_Kucinich,Hybrid-Deepfake-Defense-System\data\lfw\arcface_112\Dennis_Kucinich\Dennis_Kucinich_0001.png,Hybrid-Deepfake-Defense-System\data\lfw\facenet_160\Dennis_Kucinich\Dennis_Kucinich_0001.png
Dennis_Kucinich,Hybrid-Deepfake-Defense-System\data\lfw\arcface_112\Dennis_Kucinich\Dennis_Kucinich_0003.png,Hybrid-Deepfake-Defense-System\data\lfw\facenet_160\Dennis_Kucinich\Dennis_Kucinich_0003.png
Dennis_Kucinich,Hybrid-Deepfake-Defense-System\data\lfw\arcface_112\Dennis_Kucinich\Dennis_Kucinich_0004.png,Hybrid-Deepfake-Defense-System\data\lfw\facenet_160\Dennis_Kucinich\Dennis_Kucinich_0004.png
Dennis_Kucinich,Hybrid-Deepfake-Defense-System\data\lfw\arcface_112\Dennis_Kucinich\Dennis_Kucinich_0005.png,Hybrid-Deepfake-Defense-System\data\lfw\facenet_160\Dennis_Kucinich\Dennis_Kucinich_0005.png
Dennis_Kucinich,Hybrid-Deepfake-Defense-System\data\lfw\arcface_112\Dennis_Kucinich\Dennis_Kucinich_0007.png,Hybrid-Deepfake-Defense-System\data\lfw\facenet_160\Dennis_Kucinich\Dennis_Kucinich_0007.png
Robert_Kocharian,Hybrid-Deepfake-Defense-System\data\lfw\arcface_112\Robert_Kocharian\Robert_Kocharian_0001.png,Hybrid-Deepfake-Defense-System\data\lfw\facenet_160\Robert_Kocharian\Robert_Kocharian_0001.png
Robert_Kocharian,Hybrid-Deepfake-Defense-System\data\lfw\arcface_112\Robert_Kocharian\Robert_Kocharian_0002.png,Hybrid-Deepfake-Defense-System\data\lfw\facenet_160\Robert_Kocharian\Robert_Kocharian_0002.png
Robert_Kocharian,Hybrid-Deepfake-Defense-System\data\lfw\arcface_112\Robert_Kocharian\Robert_Kocharian_0003.png,Hybrid-Deepfake-Defense-System\data\lfw\facenet_160\Robert_Kocharian\Robert_Kocharian_0003.png
Robert_Kocharian,Hybrid-Deepfake-Defense-System\data\lfw\arcface_112\Robert_Kocharian\Robert_Kocharian_0004.png,Hybrid-Deepfake-Defense-System\data\lfw\facenet_160\Robert_Kocharian\Robert_Kocharian_0004.png
Robert_Kocharian,Hybrid-Deepfake-Defense-System\data\lfw\arcface_112\Robert_Kocharian\Robert_Kocharian_0005.png,Hybrid-Deepfake-Defense-System\data\lfw\facenet_160\Robert_Kocharian\Robert_Kocharian_0005.png
Nicole_Kidman,Hybrid-Deepfake-Defense-System\data\lfw\arcface_112\Nicole_Kidman\Nicole_Kidman_0001.png,Hybrid-Deepfake-Defense-System\data\lfw\facenet_160\Nicole_Kidman\Nicole_Kidman_0001.png
Nicole_Kidman,Hybrid-Deepfake-Defense-System\data\lfw\arcface_112\Nicole_Kidman\Nicole_Kidman_0003.png,Hybrid-Deepfake-Defense-System\data\lfw\facenet_160\Nicole_Kidman\Nicole_Kidman_0003.png
Nicole_Kidman,Hybrid-Deepfake-Defense-System\data\lfw\arcface_112\Nicole_Kidman\Nicole_Kidman_0007.png,Hybrid-Deepfake-Defense-System\data\lfw\facenet_160\Nicole_Kidman\Nicole_Kidman_0007.png
Nicole_Kidman,Hybrid-Deepfake-Defense-System\data\lfw\arcface_112\Nicole_Kidman\Nicole_Kidman_0015.png,Hybrid-Deepfake-Defense-System\data\lfw\facenet_160\Nicole_Kidman\Nicole_Kidman_0015.png
Nicole_Kidman,Hybrid-Deepfake-Defense-System\data\lfw\arcface_112\Nicole_Kidman\Nicole_Kidman_0016.png,Hybrid-Deepfake-Defense-System\data\lfw\facenet_160\Nicole_Kidman\Nicole_Kidman_0016.png
Emanuel_Ginobili,Hybrid-Deepfake-Defense-System\data\lfw\arcface_112\Emanuel_Ginobili\Emanuel_Ginobili_0001.png,Hybrid-Deepfake-Defense-System\data\lfw\facenet_160\Emanuel_Ginobili\Emanuel_Ginobili_0001.png
Emanuel_Ginobili,Hybrid-Deepfake-Defense-System\data\lfw\arcface_112\Emanuel_Ginobili\Emanuel_Ginobili_0002.png,Hybrid-Deepfake-Defense-System\data\lfw\facenet_160\Emanuel_Ginobili\Emanuel_Ginobili_0002.png
Emanuel_Ginobili,Hybrid-Deepfake-Defense-System\data\lfw\arcface_112\Emanuel_Ginobili\Emanuel_Ginobili_0003.png,Hybrid-Deepfake-Defense-System\data\lfw\facenet_160\Emanuel_Ginobili\Emanuel_Ginobili_0003.png
Emanuel_Ginobili,Hybrid-Deepfake-Defense-System\data\lfw\arcface_112\Emanuel_Ginobili\Emanuel_Ginobili_0004.png,Hybrid-Deepfake-Defense-System\data\lfw\facenet_160\Emanuel_Ginobili\Emanuel_Ginobili_0004.png
Emanuel_Ginobili,Hybrid-Deepfake-Defense-System\data\lfw\arcface_112\Emanuel_Ginobili\Emanuel_Ginobili_0005.png,Hybrid-Deepfake-Defense-System\data\lfw\facenet_160\Emanuel_Ginobili\Emanuel_Ginobili_0005.png
Leonid_Kuchma,Hybrid-Deepfake-Defense-System\data\lfw\arcface_112\Leonid_Kuchma\Leonid_Kuchma_0001.png,Hybrid-Deepfake-Defense-System\data\lfw\facenet_160\Leonid_Kuchma\Leonid_Kuchma_0001.png
Leonid_Kuchma,Hybrid-Deepfake-Defense-System\data\lfw\arcface_112\Leonid_Kuchma\Leonid_Kuchma_0002.png,Hybrid-Deepfake-Defense-System\data\lfw\facenet_160\Leonid_Kuchma\Leonid_Kuchma_0002.png
Leonid_Kuchma,Hybrid-Deepfake-Defense-System\data\lfw\arcface_112\Leonid_Kuchma\Leonid_Kuchma_0004.png,Hybrid-Deepfake-Defense-System\data\lfw\facenet_160\Leonid_Kuchma\Leonid_Kuchma_0004.png
Leonid_Kuchma,Hybrid-Deepfake-Defense-System\data\lfw\arcface_112\Leonid_Kuchma\Leonid_Kuchma_0005.png,Hybrid-Deepfake-Defense-System\data\lfw\facenet_160\Leonid_Kuchma\Leonid_Kuchma_0005.png
Leonid_Kuchma,Hybrid-Deepfake-Defense-System\data\lfw\arcface_112\Leonid_Kuchma\Leonid_Kuchma_0006.png,Hybrid-Deepfake-Defense-System\data\lfw\facenet_160\Leonid_Kuchma\Leonid_Kuchma_0006.png
Paul_Wolfowitz,Hybrid-Deepfake-Defense-System\data\lfw\arcface_112\Paul_Wolfowitz\Paul_Wolfowitz_0002.png,Hybrid-Deepfake-Defense-System\data\lfw\facenet_160\Paul_Wolfowitz\Paul_Wolfowitz_0002.png
Paul_Wolfowitz,Hybrid-Deepfake-Defense-System\data\lfw\arcface_112\Paul_Wolfowitz\Paul_Wolfowitz_0004.png,Hybrid-Deepfake-Defense-System\data\lfw\facenet_160\Paul_Wolfowitz\Paul_Wolfowitz_0004.png
Paul_Wolfowitz,Hybrid-Deepfake-Defense-System\data\lfw\arcface_112\Paul_Wolfowitz\Paul_Wolfowitz_0005.png,Hybrid-Deepfake-Defense-System\data\lfw\facenet_160\Paul_Wolfowitz\Paul_Wolfowitz_0005.png
Paul_Wolfowitz,Hybrid-Deepfake-Defense-System\data\lfw\arcface_112\Paul_Wolfowitz\Paul_Wolfowitz_0006.png,Hybrid-Deepfake-Defense-System\data\lfw\facenet_160\Paul_Wolfowitz\Paul_Wolfowitz_0006.png
Paul_Wolfowitz,Hybrid-Deepfake-Defense-System\data\lfw\arcface_112\Paul_Wolfowitz\Paul_Wolfowitz_0008.png,Hybrid-Deepfake-Defense-System\data\lfw\facenet_160\Paul_Wolfowitz\Paul_Wolfowitz_0008.png
Vicente_Fernandez,Hybrid-Deepfake-Defense-System\data\lfw\arcface_112\Vicente_Fernandez\Vicente_Fernandez_0001.png,Hybrid-Deepfake-Defense-System\data\lfw\facenet_160\Vicente_Fernandez\Vicente_Fernandez_0001.png
Vicente_Fernandez,Hybrid-Deepfake-Defense-System\data\lfw\arcface_112\Vicente_Fernandez\Vicente_Fernandez_0002.png,Hybrid-Deepfake-Defense-System\data\lfw\facenet_160\Vicente_Fernandez\Vicente_Fernandez_0002.png
Vicente_Fernandez,Hybrid-Deepfake-Defense-System\data\lfw\arcface_112\Vicente_Fernandez\Vicente_Fernandez_0003.png,Hybrid-Deepfake-Defense-System\data\lfw\facenet_160\Vicente_Fernandez\Vicente_Fernandez_0003.png
Vicente_Fernandez,Hybrid-Deepfake-Defense-System\data\lfw\arcface_112\Vicente_Fernandez\Vicente_Fernandez_0004.png,Hybrid-Deepfake-Defense-System\data\lfw\facenet_160\Vicente_Fernandez\Vicente_Fernandez_0004.png
Vicente_Fernandez,Hybrid-Deepfake-Defense-System\data\lfw\arcface_112\Vicente_Fernandez\Vicente_Fernandez_0005.png,Hybrid-Deepfake-Defense-System\data\lfw\facenet_160\Vicente_Fernandez\Vicente_Fernandez_0005.png
Catherine_Deneuve,Hybrid-Deepfake-Defense-System\data\lfw\arcface_112\Catherine_Deneuve\Catherine_Deneuve_0001.png,Hybrid-Deepfake-Defense-System\data\lfw\facenet_160\Catherine_Deneuve\Catherine_Deneuve_0001.png
Catherine_Deneuve,Hybrid-Deepfake-Defense-System\data\lfw\arcface_112\Catherine_Deneuve\Catherine_Deneuve_0002.png,Hybrid-Deepfake-Defense-System\data\lfw\facenet_160\Catherine_Deneuve\Catherine_Deneuve_0002.png
Catherine_Deneuve,Hybrid-Deepfake-Defense-System\data\lfw\arcface_112\Catherine_Deneuve\Catherine_Deneuve_0003.png,Hybrid-Deepfake-Defense-System\data\lfw\facenet_160\Catherine_Deneuve\Catherine_Deneuve_0003.png
Catherine_Deneuve,Hybrid-Deepfake-Defense-System\data\lfw\arcface_112\Catherine_Deneuve\Catherine_Deneuve_0004.png,Hybrid-Deepfake-Defense-System\data\lfw\facenet_160\Catherine_Deneuve\Catherine_Deneuve_0004.png
Catherine_Deneuve,Hybrid-Deepfake-Defense-System\data\lfw\arcface_112\Catherine_Deneuve\Catherine_Deneuve_0005.png,Hybrid-Deepfake-Defense-System\data\lfw\facenet_160\Catherine_Deneuve\Catherine_Deneuve_0005.png
Albert_Costa,Hybrid-Deepfake-Defense-System\data\lfw\arcface_112\Albert_Costa\Albert_Costa_0001.png,Hybrid-Deepfake-Defense-System\data\lfw\facenet_160\Albert_Costa\Albert_Costa_0001.png
Albert_Costa,Hybrid-Deepfake-Defense-System\data\lfw\arcface_112\Albert_Costa\Albert_Costa_0003.png,Hybrid-Deepfake-Defense-System\data\lfw\facenet_160\Albert_Costa\Albert_Costa_0003.png
Albert_Costa,Hybrid-Deepfake-Defense-System\data\lfw\arcface_112\Albert_Costa\Albert_Costa_0004.png,Hybrid-Deepfake-Defense-System\data\lfw\facenet_160\Albert_Costa\Albert_Costa_0004.png
Albert_Costa,Hybrid-Deepfake-Defense-System\data\lfw\arcface_112\Albert_Costa\Albert_Costa_0005.png,Hybrid-Deepfake-Defense-System\data\lfw\facenet_160\Albert_Costa\Albert_Costa_0005.png
Albert_Costa,Hybrid-Deepfake-Defense-System\data\lfw\arcface_112\Albert_Costa\Albert_Costa_0006.png,Hybrid-Deepfake-Defense-System\data\lfw\facenet_160\Albert_Costa\Albert_Costa_0006.png
Joschka_Fischer,Hybrid-Deepfake-Defense-System\data\lfw\arcface_112\Joschka_Fischer\Joschka_Fischer_0003.png,Hybrid-Deepfake-Defense-System\data\lfw\facenet_160\Joschka_Fischer\Joschka_Fischer_0003.png
Joschka_Fischer,Hybrid-Deepfake-Defense-System\data\lfw\arcface_112\Joschka_Fischer\Joschka_Fischer_0005.png,Hybrid-Deepfake-Defense-System\data\lfw\facenet_160\Joschka_Fischer\Joschka_Fischer_0005.png
Joschka_Fischer,Hybrid-Deepfake-Defense-System\data\lfw\arcface_112\Joschka_Fischer\Joschka_Fischer_0014.png,Hybrid-Deepfake-Defense-System\data\lfw\facenet_160\Joschka_Fischer\Joschka_Fischer_0014.png
Joschka_Fischer,Hybrid-Deepfake-Defense-System\data\lfw\arcface_112\Joschka_Fischer\Joschka_Fischer_0016.png,Hybrid-Deepfake-Defense-System\data\lfw\facenet_160\Joschka_Fischer\Joschka_Fischer_0016.png
Joschka_Fischer,Hybrid-Deepfake-Defense-System\data\lfw\arcface_112\Joschka_Fischer\Joschka_Fischer_0017.png,Hybrid-Deepfake-Defense-System\data\lfw\facenet_160\Joschka_Fischer\Joschka_Fischer_0017.png
Vojislav_Kostunica,Hybrid-Deepfake-Defense-System\data\lfw\arcface_112\Vojislav_Kostunica\Vojislav_Kostunica_0001.png,Hybrid-Deepfake-Defense-System\data\lfw\facenet_160\Vojislav_Kostunica\Vojislav_Kostunica_0001.png
Vojislav_Kostunica,Hybrid-Deepfake-Defense-System\data\lfw\arcface_112\Vojislav_Kostunica\Vojislav_Kostunica_0003.png,Hybrid-Deepfake-Defense-System\data\lfw\facenet_160\Vojislav_Kostunica\Vojislav_Kostunica_0003.png
Vojislav_Kostunica,Hybrid-Deepfake-Defense-System\data\lfw\arcface_112\Vojislav_Kostunica\Vojislav_Kostunica_0004.png,Hybrid-Deepfake-Defense-System\data\lfw\facenet_160\Vojislav_Kostunica\Vojislav_Kostunica_0004.png
Vojislav_Kostunica,Hybrid-Deepfake-Defense-System\data\lfw\arcface_112\Vojislav_Kostunica\Vojislav_Kostunica_0006.png,Hybrid-Deepfake-Defense-System\data\lfw\facenet_160\Vojislav_Kostunica\Vojislav_Kostunica_0006.png
Vojislav_Kostunica,Hybrid-Deepfake-Defense-System\data\lfw\arcface_112\Vojislav_Kostunica\Vojislav_Kostunica_0007.png,Hybrid-Deepfake-Defense-System\data\lfw\facenet_160\Vojislav_Kostunica\Vojislav_Kostunica_0007.png
Andy_Roddick,Hybrid-Deepfake-Defense-System\data\lfw\arcface_112\Andy_Roddick\Andy_Roddick_0002.png,Hybrid-Deepfake-Defense-System\data\lfw\facenet_160\Andy_Roddick\Andy_Roddick_0002.png
Andy_Roddick,Hybrid-Deepfake-Defense-System\data\lfw\arcface_112\Andy_Roddick\Andy_Roddick_0006.png,Hybrid-Deepfake-Defense-System\data\lfw\facenet_160\Andy_Roddick\Andy_Roddick_0006.png
Andy_Roddick,Hybrid-Deepfake-Defense-System\data\lfw\arcface_112\Andy_Roddick\Andy_Roddick_0007.png,Hybrid-Deepfake-Defense-System\data\lfw\facenet_160\Andy_Roddick\Andy_Roddick_0007.png
Andy_Roddick,Hybrid-Deepfake-Defense-System\data\lfw\arcface_112\Andy_Roddick\Andy_Roddick_0011.png,Hybrid-Deepfake-Defense-System\data\lfw\facenet_160\Andy_Roddick\Andy_Roddick_0011.png
Andy_Roddick,Hybrid-Deepfake-Defense-System\data\lfw\arcface_112\Andy_Roddick\Andy_Roddick_0014.png,Hybrid-Deepfake-Defense-System\data\lfw\facenet_160\Andy_Roddick\Andy_Roddick_0014.png
Nick_Nolte,Hybrid-Deepfake-Defense-System\data\lfw\arcface_112\Nick_Nolte\Nick_Nolte_0001.png,Hybrid-Deepfake-Defense-System\data\lfw\facenet_160\Nick_Nolte\Nick_Nolte_0001.png
Nick_Nolte,Hybrid-Deepfake-Defense-System\data\lfw\arcface_112\Nick_Nolte\Nick_Nolte_0002.png,Hybrid-Deepfake-Defense-System\data\lfw\facenet_160\Nick_Nolte\Nick_Nolte_0002.png
Nick_Nolte,Hybrid-Deepfake-Defense-System\data\lfw\arcface_112\Nick_Nolte\Nick_Nolte_0003.png,Hybrid-Deepfake-Defense-System\data\lfw\facenet_160\Nick_Nolte\Nick_Nolte_0003.png
Nick_Nolte,Hybrid-Deepfake-Defense-System\data\lfw\arcface_112\Nick_Nolte\Nick_Nolte_0004.png,Hybrid-Deepfake-Defense-System\data\lfw\facenet_160\Nick_Nolte\Nick_Nolte_0004.png
Nick_Nolte,Hybrid-Deepfake-Defense-System\data\lfw\arcface_112\Nick_Nolte\Nick_Nolte_0005.png,Hybrid-Deepfake-Defense-System\data\lfw\facenet_160\Nick_Nolte\Nick_Nolte_0005.png
