image_path,true_label,predicted_prob,predicted_label,raw_score
data/ff_plus_plus/256x256/fake/deepfakes/test_627_658_f321.jpg,1,0.8423341011079969,1,1.6756985
data/ff_plus_plus/256x256/fake/face2face/val_634_660_f245.jpg,1,0.9327848371161971,1,2.6302757
data/ff_plus_plus/256x256/fake/face2face/val_714_842_f30.jpg,1,0.8985320599306362,1,2.1810195
data/ff_plus_plus/256x256/fake/face2face/train_022_489_f233.jpg,1,0.8472839544323135,1,1.7134556
data/ff_plus_plus/256x256/real/val_375_f121.jpg,0,0.8788746050232604,1,1.9818159
data/ff_plus_plus/256x256/fake/face2face/train_135_880_f224.jpg,1,0.6886663104433935,1,0.79389155
data/ff_plus_plus/256x256/fake/face2face/test_050_059_f0.jpg,1,0.7745319242126437,1,1.2340803
data/ff_plus_plus/256x256/fake/deepfakes/test_397_602_f195.jpg,1,0.5908462526586882,1,0.36746484
data/ff_plus_plus/256x256/fake/faceswap/val_557_560_f276.jpg,1,0.8601861109952847,1,1.8168366
data/ff_plus_plus/256x256/real/train_015_f0.jpg,0,0.9074379030715649,1,2.2827454
data/ff_plus_plus/256x256/fake/faceswap/train_192_134_f138.jpg,1,0.925414574067611,1,2.5182967
data/ff_plus_plus/256x256/real/test_529_f34.jpg,0,0.7662003075381025,1,1.1869789
data/ff_plus_plus/256x256/fake/face2face/test_349_350_f195.jpg,1,0.8379163208672431,1,1.6428055
data/ff_plus_plus/256x256/fake/neuraltextures/val_199_181_f37.jpg,1,0.9617641390745537,1,3.2249954
data/ff_plus_plus/256x256/fake/neuraltextures/train_227_169_f197.jpg,1,0.7090931814997986,1,0.89098394
data/ff_plus_plus/256x256/fake/neuraltextures/test_744_674_f101.jpg,1,0.8349083521902987,1,1.6208212
data/ff_plus_plus/256x256/real/train_249_f565.jpg,0,0.7313284215111218,1,1.0013729
data/ff_plus_plus/256x256/fake/neuraltextures/test_272_396_f155.jpg,1,0.9025864361890962,1,2.226299
data/ff_plus_plus/256x256/fake/faceswap/test_352_319_f115.jpg,1,0.8137006866977768,1,1.474238
data/ff_plus_plus/256x256/real/train_313_f215.jpg,0,0.9145752829389433,1,2.3708243
data/ff_plus_plus/256x256/fake/deepfakes/train_111_094_f163.jpg,1,0.7995910691372892,1,1.3837405
data/ff_plus_plus/256x256/real/train_073_f242.jpg,0,0.9208583689963243,1,2.4540672
data/ff_plus_plus/256x256/real/val_032_f0.jpg,0,0.8265627966703842,1,1.5614603
data/ff_plus_plus/256x256/fake/deepfakes/test_809_799_f328.jpg,1,0.6353266002584949,1,0.55513704
data/ff_plus_plus/256x256/real/train_132_f127.jpg,0,0.7451648683149857,1,1.0729887
data/ff_plus_plus/256x256/real/train_177_f169.jpg,0,0.904223239135041,1,2.2450562
data/ff_plus_plus/256x256/real/test_720_f97.jpg,0,0.8983834622295972,1,2.1793907
data/ff_plus_plus/256x256/fake/neuraltextures/val_625_650_f216.jpg,1,0.7203851340861849,1,0.9463728
data/ff_plus_plus/256x256/fake/neuraltextures/test_863_853_f141.jpg,1,0.8136728831476023,1,1.4740546
data/ff_plus_plus/256x256/fake/neuraltextures/train_286_267_f21.jpg,1,0.9400311075925176,1,2.752087
data/ff_plus_plus/256x256/real/train_356_f441.jpg,0,0.85269646270625,1,1.7559083
data/ff_plus_plus/256x256/real/train_019_f1240.jpg,0,0.7490013828456498,1,1.0932934
data/ff_plus_plus/256x256/fake/deepfakes/val_891_876_f172.jpg,1,0.8920827338650476,1,2.112194
data/ff_plus_plus/256x256/real/val_945_f733.jpg,0,0.6022947139753628,1,0.41503564
data/ff_plus_plus/256x256/real/val_031_f0.jpg,0,0.8963959405161919,1,2.1578057
data/ff_plus_plus/256x256/real/train_112_f201.jpg,0,0.81058844931726,1,1.4538383
data/ff_plus_plus/256x256/fake/face2face/train_204_230_f63.jpg,1,0.8643229436424071,1,1.851669
data/ff_plus_plus/256x256/fake/deepfakes/train_347_314_f220.jpg,1,0.7361280233933739,1,1.02594
data/ff_plus_plus/256x256/fake/neuraltextures/test_821_812_f130.jpg,1,0.9077148879243764,1,2.2860475
data/ff_plus_plus/256x256/real/test_419_f234.jpg,0,0.6521271911054163,1,0.6284027
data/ff_plus_plus/256x256/real/train_326_f566.jpg,0,0.8790387782275849,1,1.983359
data/ff_plus_plus/256x256/real/test_699_f90.jpg,0,0.971012648083498,1,3.5114799
data/ff_plus_plus/256x256/real/train_302_f452.jpg,0,0.8874081410020006,1,2.0645356
data/ff_plus_plus/256x256/fake/neuraltextures/val_239_218_f254.jpg,1,0.7141528321046491,1,0.9156397
data/ff_plus_plus/256x256/real/train_284_f299.jpg,0,0.7852006746822677,1,1.2962351
data/ff_plus_plus/256x256/real/train_244_f498.jpg,0,0.8882387331339027,1,2.0728755
data/ff_plus_plus/256x256/fake/neuraltextures/train_121_093_f74.jpg,1,0.8326293401012395,1,1.6043777
data/ff_plus_plus/256x256/fake/deepfakes/val_346_351_f190.jpg,1,0.7543173489640149,1,1.1217725
data/ff_plus_plus/256x256/real/val_572_f131.jpg,0,0.8645620996148559,1,1.8537099
data/ff_plus_plus/256x256/fake/faceswap/train_353_383_f258.jpg,1,0.8261585029876543,1,1.5586427
data/ff_plus_plus/256x256/fake/deepfakes/train_251_375_f95.jpg,1,0.9364474509280097,1,2.6902263
data/ff_plus_plus/256x256/fake/neuraltextures/test_144_122_f127.jpg,1,0.6956098338886451,1,0.8264786
data/ff_plus_plus/256x256/real/train_224_f369.jpg,0,0.7840333567568161,1,1.2893276
data/ff_plus_plus/256x256/fake/deepfakes/train_306_278_f350.jpg,1,0.9405341857750973,1,2.7610464
data/ff_plus_plus/256x256/real/test_155_f342.jpg,0,0.8638443987516647,1,1.8475943
data/ff_plus_plus/256x256/real/test_193_f204.jpg,0,0.6423943581552354,1,0.58577156
data/ff_plus_plus/256x256/fake/deepfakes/val_781_806_f228.jpg,1,0.8245806267188548,1,1.5476954
data/ff_plus_plus/256x256/real/test_080_f99.jpg,0,0.8527459317233477,1,1.7563022
data/ff_plus_plus/256x256/real/train_149_f212.jpg,0,0.6457458701474574,1,0.6003915
data/ff_plus_plus/256x256/fake/faceswap/train_246_258_f187.jpg,1,0.845479271579886,1,1.6995754
data/ff_plus_plus/256x256/real/train_274_f309.jpg,0,0.8768456141003057,1,1.9628922
data/ff_plus_plus/256x256/real/test_399_f356.jpg,0,0.8764424170898181,1,1.9591637
data/ff_plus_plus/256x256/fake/deepfakes/train_065_089_f425.jpg,1,0.6995639094313666,1,0.8452221
data/ff_plus_plus/256x256/real/train_131_f105.jpg,0,0.9583987257502828,1,3.1371331
data/ff_plus_plus/256x256/fake/deepfakes/val_447_431_f156.jpg,1,0.6742881748150853,1,0.72764456
data/ff_plus_plus/256x256/fake/face2face/train_234_187_f747.jpg,1,0.9317586858733151,1,2.6140237
data/ff_plus_plus/256x256/fake/face2face/train_034_590_f227.jpg,1,0.9298638744828311,1,2.5846002
data/ff_plus_plus/256x256/fake/faceswap/val_747_854_f212.jpg,1,0.8612666130690438,1,1.8258501
data/ff_plus_plus/256x256/real/test_496_f1391.jpg,0,0.7753859135320635,1,1.2389771
data/ff_plus_plus/256x256/fake/deepfakes/train_069_961_f693.jpg,1,0.7791932663496818,1,1.2609713
data/ff_plus_plus/256x256/real/test_749_f23.jpg,0,0.9036898062913324,1,2.238912
data/ff_plus_plus/256x256/real/val_916_f66.jpg,0,0.9259040131841618,1,2.5254092
data/ff_plus_plus/256x256/fake/deepfakes/train_391_406_f150.jpg,1,0.9301070304153393,1,2.5883346
data/ff_plus_plus/256x256/fake/face2face/val_748_355_f85.jpg,1,0.5361538625592864,1,0.14486828
data/ff_plus_plus/256x256/real/train_267_f283.jpg,0,0.5333678434538941,1,0.13367005
data/ff_plus_plus/256x256/real/train_262_f396.jpg,0,0.6697838702699629,1,0.7072077
data/ff_plus_plus/256x256/fake/face2face/test_749_659_f931.jpg,1,0.9115703620136696,1,2.3329616
data/ff_plus_plus/256x256/real/test_279_f468.jpg,0,0.6987281414617842,1,0.8412487
data/ff_plus_plus/256x256/fake/deepfakes/train_384_932_f143.jpg,1,0.8645756000403919,1,1.8538252
data/ff_plus_plus/256x256/real/train_296_f23.jpg,0,0.6738319042555552,1,0.7255678
data/ff_plus_plus/256x256/fake/face2face/train_142_138_f394.jpg,1,0.9741437996501071,1,3.6290085
data/ff_plus_plus/256x256/real/test_463_f108.jpg,0,0.8212541560865758,1,1.5248677
data/ff_plus_plus/256x256/real/train_241_f40.jpg,0,0.9172376233431377,1,2.405393
data/ff_plus_plus/256x256/real/test_466_f11.jpg,0,0.8018964005900615,1,1.3981893
data/ff_plus_plus/256x256/real/train_311_f25.jpg,0,0.8950997438068962,1,2.1439252
data/ff_plus_plus/256x256/fake/deepfakes/train_103_082_f20.jpg,1,0.9440563751904132,1,2.8258414
data/ff_plus_plus/256x256/fake/neuraltextures/val_937_888_f52.jpg,1,0.8100042359834827,1,1.4500377
data/ff_plus_plus/256x256/fake/face2face/train_377_333_f295.jpg,1,0.8968973939609759,1,2.1632168
data/ff_plus_plus/256x256/fake/faceswap/test_108_052_f41.jpg,1,0.5818535661188163,1,0.33038712
data/ff_plus_plus/256x256/real/train_325_f391.jpg,0,0.8602585915800627,1,1.8174394
data/ff_plus_plus/256x256/real/val_137_f0.jpg,0,0.5746592685638879,1,0.30088672
data/ff_plus_plus/256x256/real/val_638_f697.jpg,0,0.9245005099154527,1,2.5051277
data/ff_plus_plus/256x256/fake/deepfakes/test_653_601_f528.jpg,1,0.7506056059403754,1,1.1018448
data/ff_plus_plus/256x256/real/train_143_f227.jpg,0,0.8753334034517091,1,1.9489619
data/ff_plus_plus/256x256/fake/faceswap/train_034_590_f196.jpg,1,0.7464380775597683,1,1.0797046
data/ff_plus_plus/256x256/real/val_535_f160.jpg,0,0.936067634652824,1,2.683862
data/ff_plus_plus/256x256/fake/faceswap/test_412_274_f342.jpg,1,0.9429270690490354,1,2.804659
data/ff_plus_plus/256x256/real/test_642_f532.jpg,0,0.8311591026359443,1,1.5938644
data/ff_plus_plus/256x256/real/test_443_f473.jpg,0,0.7396027176198777,1,1.0439047
data/ff_plus_plus/256x256/fake/faceswap/train_286_267_f147.jpg,1,0.9224559312508892,1,2.4761932
data/ff_plus_plus/256x256/fake/face2face/train_393_405_f36.jpg,1,0.7574067950258025,1,1.1385145
data/ff_plus_plus/256x256/real/train_364_f490.jpg,0,0.9274357201505219,1,2.5479507
data/ff_plus_plus/256x256/fake/neuraltextures/train_214_255_f127.jpg,1,0.9241962375896903,1,2.5007765
data/ff_plus_plus/256x256/real/train_214_f365.jpg,0,0.8840279944960976,1,2.0311399
data/ff_plus_plus/256x256/fake/face2face/test_303_309_f29.jpg,1,0.8842487784118186,1,2.0332952
data/ff_plus_plus/256x256/fake/face2face/test_529_633_f405.jpg,1,0.8401588941105171,1,1.6594108
data/ff_plus_plus/256x256/fake/deepfakes/train_141_161_f279.jpg,1,0.8809624695628812,1,2.0015762
data/ff_plus_plus/256x256/fake/neuraltextures/train_367_371_f558.jpg,1,0.9176958132957528,1,2.411444
data/ff_plus_plus/256x256/real/train_065_f182.jpg,0,0.47474936812378166,0,-0.101088524
data/ff_plus_plus/256x256/fake/neuraltextures/train_073_024_f252.jpg,1,0.8645434570924118,1,1.8535507
data/ff_plus_plus/256x256/fake/deepfakes/test_834_852_f291.jpg,1,0.7404172606853132,1,1.0481384
data/ff_plus_plus/256x256/fake/faceswap/train_264_271_f187.jpg,1,0.81349962259039,1,1.4729122
data/ff_plus_plus/256x256/fake/neuraltextures/val_601_653_f225.jpg,1,0.9314122285767882,1,2.6085877
data/ff_plus_plus/256x256/fake/faceswap/train_226_491_f101.jpg,1,0.9469985354258894,1,2.882978
data/ff_plus_plus/256x256/real/test_627_f373.jpg,0,0.6068581439762459,1,0.43412456
data/ff_plus_plus/256x256/real/val_515_f158.jpg,0,0.5147534442846046,1,0.059030913
data/ff_plus_plus/256x256/real/train_090_f283.jpg,0,0.6621973558000115,1,0.6731018
data/ff_plus_plus/256x256/fake/neuraltextures/val_394_373_f274.jpg,1,0.9599315600679685,1,3.176273
data/ff_plus_plus/256x256/fake/deepfakes/train_015_919_f0.jpg,1,0.8644672250788638,1,1.8528999
data/ff_plus_plus/256x256/real/train_270_f288.jpg,0,0.9023534880366945,1,2.2236524
data/ff_plus_plus/256x256/fake/neuraltextures/test_529_633_f149.jpg,1,0.8238766470582707,1,1.5428362
data/ff_plus_plus/256x256/real/val_473_f158.jpg,0,0.7452091301203846,1,1.0732218
data/ff_plus_plus/256x256/fake/face2face/train_367_371_f469.jpg,1,0.8371973371639156,1,1.637521
data/ff_plus_plus/256x256/real/train_223_f288.jpg,0,0.8669966849399616,1,1.8746611
data/ff_plus_plus/256x256/real/train_181_f378.jpg,0,0.8387771921981333,1,1.6491578
data/ff_plus_plus/256x256/fake/deepfakes/train_182_242_f277.jpg,1,0.6694627136901498,1,0.705756
data/ff_plus_plus/256x256/fake/deepfakes/train_339_392_f220.jpg,1,0.763339181733768,1,1.1710745
data/ff_plus_plus/256x256/real/val_602_f183.jpg,0,0.7685932124206813,1,1.2003847
data/ff_plus_plus/256x256/fake/faceswap/val_756_503_f451.jpg,1,0.929451722243911,1,2.5782976
data/ff_plus_plus/256x256/fake/faceswap/train_116_091_f44.jpg,1,0.8334603206616239,1,1.6103525
data/ff_plus_plus/256x256/fake/deepfakes/val_239_218_f263.jpg,1,0.8153496796789796,1,1.4851532
data/ff_plus_plus/256x256/fake/faceswap/val_248_232_f102.jpg,1,0.8247112917928502,1,1.548599
data/ff_plus_plus/256x256/real/train_228_f421.jpg,0,0.8397992420746346,1,1.6567351
data/ff_plus_plus/256x256/fake/neuraltextures/val_874_291_f45.jpg,1,0.9178058240317496,1,2.4129014
data/ff_plus_plus/256x256/fake/deepfakes/test_868_949_f370.jpg,1,0.8150405266729238,1,1.4831011
data/ff_plus_plus/256x256/real/test_402_f218.jpg,0,0.7175704658053061,1,0.93244207
data/ff_plus_plus/256x256/real/test_888_f147.jpg,0,0.926402203571582,1,2.5326934
data/ff_plus_plus/256x256/real/train_140_f166.jpg,0,0.7298462984743219,1,0.9938429
data/ff_plus_plus/256x256/real/test_163_f188.jpg,0,0.9619590620351662,1,3.230309
data/ff_plus_plus/256x256/real/test_508_f602.jpg,0,0.6313782319110187,1,0.538134
data/ff_plus_plus/256x256/real/test_324_f43.jpg,0,0.8778132650544677,1,1.9718834
data/ff_plus_plus/256x256/real/train_200_f74.jpg,0,0.8429208573765474,1,1.6801233
data/ff_plus_plus/256x256/fake/face2face/val_166_167_f0.jpg,1,0.8682156209378734,1,1.885273
data/ff_plus_plus/256x256/real/train_250_f524.jpg,0,0.829480932597315,1,1.581953
data/ff_plus_plus/256x256/fake/neuraltextures/test_564_971_f158.jpg,1,0.859979041063437,1,1.8151159
data/ff_plus_plus/256x256/fake/neuraltextures/train_057_070_f252.jpg,1,0.914264371341995,1,2.3668513
data/ff_plus_plus/256x256/fake/faceswap/train_184_205_f105.jpg,1,0.8939646211906455,1,2.1318934
data/ff_plus_plus/256x256/real/train_192_f78.jpg,0,0.8761152556134014,1,1.956146
data/ff_plus_plus/256x256/fake/faceswap/train_258_246_f187.jpg,1,0.5879815015590368,1,0.35562724
data/ff_plus_plus/256x256/real/train_315_f271.jpg,0,0.5815809064643255,1,0.32926655
data/ff_plus_plus/256x256/fake/face2face/test_508_831_f326.jpg,1,0.6519572102375795,1,0.6276535
data/ff_plus_plus/256x256/real/train_051_f518.jpg,0,0.7860250314899052,1,1.3011296
data/ff_plus_plus/256x256/fake/neuraltextures/val_373_394_f274.jpg,1,0.8073194807168375,1,1.432686
data/ff_plus_plus/256x256/real/val_503_f162.jpg,0,0.9386752235637877,1,2.7282856
data/ff_plus_plus/256x256/fake/neuraltextures/train_242_182_f45.jpg,1,0.5260628763469986,1,0.10434608
data/ff_plus_plus/256x256/real/val_714_f57.jpg,0,0.9052427515791188,1,2.2568848
data/ff_plus_plus/256x256/real/train_299_f215.jpg,0,0.8970572799734526,1,2.164947
data/ff_plus_plus/256x256/fake/face2face/train_264_271_f134.jpg,1,0.8898257643438541,1,2.0889626
data/ff_plus_plus/256x256/real/test_421_f35.jpg,0,0.9040811237613728,1,2.2434163
data/ff_plus_plus/256x256/fake/neuraltextures/test_303_309_f432.jpg,1,0.690676009211338,1,0.8032816
data/ff_plus_plus/256x256/fake/deepfakes/val_130_139_f0.jpg,1,0.8777404187737783,1,1.9712044
data/ff_plus_plus/256x256/fake/faceswap/test_479_706_f22.jpg,1,0.7807184560044453,1,1.2698581
data/ff_plus_plus/256x256/fake/face2face/test_699_734_f870.jpg,1,0.9199014136595218,1,2.4410083
data/ff_plus_plus/256x256/fake/face2face/test_716_712_f549.jpg,1,0.8558286428257167,1,1.7810676
data/ff_plus_plus/256x256/fake/faceswap/val_697_581_f26.jpg,1,0.7056972537889028,1,0.87457734
data/ff_plus_plus/256x256/fake/face2face/train_070_057_f14.jpg,1,0.615557341838366,1,0.47073346
data/ff_plus_plus/256x256/real/train_276_f227.jpg,0,0.9040576378365455,1,2.2431455
data/ff_plus_plus/256x256/fake/face2face/train_219_220_f294.jpg,1,0.9323688233605568,1,2.6236594
data/ff_plus_plus/256x256/real/train_305_f435.jpg,0,0.6875478865920586,1,0.78868026
data/ff_plus_plus/256x256/real/train_300_f329.jpg,0,0.8390612433075326,1,1.6512598
data/ff_plus_plus/256x256/real/train_386_f169.jpg,0,0.8309346886324888,1,1.5922661
data/ff_plus_plus/256x256/real/val_828_f274.jpg,0,0.664344733278011,1,0.68271655
data/ff_plus_plus/256x256/real/test_809_f151.jpg,0,0.8100649718445233,1,1.4504324
data/ff_plus_plus/256x256/fake/neuraltextures/val_697_581_f249.jpg,1,0.922023937698601,1,2.4701693
data/ff_plus_plus/256x256/real/val_883_f372.jpg,0,0.6750146960786299,1,0.7309545
data/ff_plus_plus/256x256/real/train_390_f250.jpg,0,0.7681109207280906,1,1.197675
data/ff_plus_plus/256x256/real/train_212_f342.jpg,0,0.6194278921623189,1,0.48712063
data/ff_plus_plus/256x256/real/train_222_f336.jpg,0,0.8124929054321322,1,1.4662905
data/ff_plus_plus/256x256/fake/faceswap/train_129_127_f45.jpg,1,0.9295205671895576,1,2.579348
data/ff_plus_plus/256x256/fake/face2face/train_131_518_f131.jpg,1,0.95921195330279,1,3.157723
data/ff_plus_plus/256x256/real/val_924_f903.jpg,0,0.862308675743832,1,1.8345989
data/ff_plus_plus/256x256/fake/face2face/train_086_090_f189.jpg,1,0.8464096410236518,1,1.7067144
data/ff_plus_plus/256x256/real/val_075_f0.jpg,0,0.5211683964412608,1,0.08472423
data/ff_plus_plus/256x256/fake/deepfakes/test_746_571_f407.jpg,1,0.8333843531355654,1,1.6098053
data/ff_plus_plus/256x256/fake/faceswap/val_137_165_f239.jpg,1,0.7743771100148722,1,1.233194
data/ff_plus_plus/256x256/real/train_017_f164.jpg,0,0.939743867198311,1,2.747003
data/ff_plus_plus/256x256/real/train_372_f167.jpg,0,0.8756363560825802,1,1.951741
data/ff_plus_plus/256x256/real/train_393_f199.jpg,0,0.8406154410976535,1,1.6628144
data/ff_plus_plus/256x256/fake/neuraltextures/train_249_280_f605.jpg,1,0.8898310385632303,1,2.0890164
data/ff_plus_plus/256x256/fake/face2face/val_937_888_f42.jpg,1,0.7847672371158007,1,1.2936671
data/ff_plus_plus/256x256/fake/neuraltextures/train_292_294_f43.jpg,1,0.8387646154105882,1,1.6490648
data/ff_plus_plus/256x256/fake/faceswap/train_304_300_f20.jpg,1,0.862747539182903,1,1.8383001
data/ff_plus_plus/256x256/fake/face2face/test_947_951_f1012.jpg,1,0.9577563270583832,1,3.1211388
data/ff_plus_plus/256x256/real/train_114_f174.jpg,0,0.7406605112336877,1,1.0494044
data/ff_plus_plus/256x256/real/train_135_f146.jpg,0,0.8916887876678905,1,2.1081085
data/ff_plus_plus/256x256/real/val_368_f131.jpg,0,0.8264968139837232,1,1.5610001
data/ff_plus_plus/256x256/real/train_332_f382.jpg,0,0.46625321368822265,0,-0.13519268
data/ff_plus_plus/256x256/real/train_129_f11.jpg,0,0.7525055659243044,1,1.1120203
data/ff_plus_plus/256x256/fake/deepfakes/val_667_446_f419.jpg,1,0.6789202426136582,1,0.7488141
data/ff_plus_plus/256x256/real/test_554_f712.jpg,0,0.8941615510794546,1,2.1339726
data/ff_plus_plus/256x256/real/test_191_f204.jpg,0,0.8804351634860311,1,1.9965575
data/ff_plus_plus/256x256/fake/deepfakes/train_020_344_f281.jpg,1,0.2115489184404305,0,-1.3156141
data/ff_plus_plus/256x256/fake/face2face/train_251_375_f121.jpg,1,0.9008257822783978,1,2.2064338
data/ff_plus_plus/256x256/fake/deepfakes/train_168_222_f1100.jpg,1,0.8253263488318424,1,1.5528595
data/ff_plus_plus/256x256/fake/faceswap/train_342_416_f228.jpg,1,0.7580979854349237,1,1.1422799
data/ff_plus_plus/256x256/fake/deepfakes/val_153_150_f0.jpg,1,0.6740551330356604,1,0.72658366
data/ff_plus_plus/256x256/real/train_060_f726.jpg,0,0.7883745621233663,1,1.3151554
data/ff_plus_plus/256x256/fake/neuraltextures/train_083_213_f286.jpg,1,0.8909135490468432,1,2.1001067
data/ff_plus_plus/256x256/real/val_925_f73.jpg,0,0.8826363244253305,1,2.0176358
data/ff_plus_plus/256x256/fake/faceswap/train_268_269_f266.jpg,1,0.7569048092394549,1,1.1357844
data/ff_plus_plus/256x256/real/test_459_f126.jpg,0,0.4694174589718898,0,-0.12248306
data/ff_plus_plus/256x256/real/train_022_f145.jpg,0,0.7239899434104128,1,0.9643402
data/ff_plus_plus/256x256/fake/neuraltextures/train_126_104_f67.jpg,1,0.7674922278929283,1,1.1942047
data/ff_plus_plus/256x256/fake/faceswap/train_292_294_f160.jpg,1,0.9178376910849726,1,2.4133239
data/ff_plus_plus/256x256/fake/face2face/test_888_937_f78.jpg,1,0.8717473501024844,1,1.9164975
data/ff_plus_plus/256x256/real/train_331_f290.jpg,0,0.7371669009310845,1,1.0312951
data/ff_plus_plus/256x256/fake/face2face/train_048_029_f329.jpg,1,0.7186563273348587,1,0.9378063
data/ff_plus_plus/256x256/real/train_203_f76.jpg,0,0.855903336939311,1,1.7816731
data/ff_plus_plus/256x256/fake/neuraltextures/train_005_010_f0.jpg,1,0.807137276131801,1,1.4315151
data/ff_plus_plus/256x256/fake/face2face/train_334_318_f163.jpg,1,0.8248819402847462,1,1.5497799
data/ff_plus_plus/256x256/real/train_292_f263.jpg,0,0.929588080243301,1,2.580379
data/ff_plus_plus/256x256/fake/face2face/val_557_560_f60.jpg,1,0.9211958933755768,1,2.4587076
data/ff_plus_plus/256x256/fake/neuraltextures/val_319_352_f246.jpg,1,0.8298316912700481,1,1.5844349
data/ff_plus_plus/256x256/real/test_374_f322.jpg,0,0.9109354296516211,1,2.3251104
data/ff_plus_plus/256x256/fake/neuraltextures/test_659_749_f357.jpg,1,0.854636508648002,1,1.7714388
data/ff_plus_plus/256x256/real/test_016_f233.jpg,0,0.2724881144466596,0,-0.98203534
data/ff_plus_plus/256x256/fake/deepfakes/train_079_076_f423.jpg,1,0.62186196594743,1,0.49745885
data/ff_plus_plus/256x256/real/train_361_f375.jpg,0,0.714574395712463,1,0.9177057
data/ff_plus_plus/256x256/fake/neuraltextures/test_947_951_f22.jpg,1,0.9395596113958574,1,2.7437537
data/ff_plus_plus/256x256/fake/deepfakes/train_026_012_f254.jpg,1,0.639962064939891,1,0.5751995
data/ff_plus_plus/256x256/real/train_354_f379.jpg,0,0.837164159518619,1,1.6372776
data/ff_plus_plus/256x256/fake/neuraltextures/val_842_714_f353.jpg,1,0.7869687380441128,1,1.3067496
data/ff_plus_plus/256x256/real/val_842_f338.jpg,0,0.718430224324814,1,0.9366883
data/ff_plus_plus/256x256/fake/deepfakes/train_287_426_f408.jpg,1,0.8718744397653221,1,1.9176347
data/ff_plus_plus/256x256/real/test_252_f275.jpg,0,0.8134715834821012,1,1.4727274
data/ff_plus_plus/256x256/real/test_198_f215.jpg,0,0.7910269265762294,1,1.3311266
data/ff_plus_plus/256x256/real/train_170_f294.jpg,0,0.9016049539889793,1,2.215186
data/ff_plus_plus/256x256/fake/neuraltextures/train_401_395_f400.jpg,1,0.6160710456562363,1,0.47290477
data/ff_plus_plus/256x256/real/train_102_f200.jpg,0,0.5032248527823208,1,0.01289959
data/ff_plus_plus/256x256/real/train_334_f1245.jpg,0,0.7905066711319065,1,1.3279822
data/ff_plus_plus/256x256/real/test_035_f72.jpg,0,0.6532202478157656,1,0.6332245
data/ff_plus_plus/256x256/real/train_122_f180.jpg,0,0.9186066921093624,1,2.423565
data/ff_plus_plus/256x256/fake/deepfakes/test_412_274_f255.jpg,1,0.9202483684828405,1,2.4457264
data/ff_plus_plus/256x256/fake/faceswap/train_110_043_f476.jpg,1,0.6884752970808572,1,0.7930008
data/ff_plus_plus/256x256/real/train_295_f268.jpg,0,0.7291493166721046,1,0.99031085
data/ff_plus_plus/256x256/real/test_786_f178.jpg,0,0.7374938811947159,1,1.0329834
data/ff_plus_plus/256x256/real/val_507_f145.jpg,0,0.8010968773617622,1,1.393164
data/ff_plus_plus/256x256/real/test_552_f41.jpg,0,0.9241926505651219,1,2.5007253
data/ff_plus_plus/256x256/real/test_622_f370.jpg,0,0.7480553213464181,1,1.0882674
data/ff_plus_plus/256x256/real/train_258_f462.jpg,0,0.8251543536051641,1,1.5516669
data/ff_plus_plus/256x256/real/test_588_f505.jpg,0,0.7148938697564131,1,0.9192726
data/ff_plus_plus/256x256/fake/neuraltextures/val_756_503_f470.jpg,1,0.8454657755655207,1,1.6994721
data/ff_plus_plus/256x256/fake/faceswap/train_048_029_f400.jpg,1,0.8389384699211003,1,1.6503509
data/ff_plus_plus/256x256/fake/neuraltextures/test_622_647_f204.jpg,1,0.7545995971888757,1,1.1232961
data/ff_plus_plus/256x256/real/val_248_f17.jpg,0,0.788837655999223,1,1.3179333
data/ff_plus_plus/256x256/real/train_318_f310.jpg,0,0.8445651359867605,1,1.6925951
data/ff_plus_plus/256x256/fake/deepfakes/test_554_572_f598.jpg,1,0.8728515395573169,1,1.9264101
data/ff_plus_plus/256x256/fake/neuraltextures/train_067_025_f370.jpg,1,0.8599217738867989,1,1.8146404
data/ff_plus_plus/256x256/fake/neuraltextures/train_109_107_f163.jpg,1,0.9186129948662096,1,2.4236493
data/ff_plus_plus/256x256/real/test_049_f86.jpg,0,0.9407456438431102,1,2.7648335
data/ff_plus_plus/256x256/fake/face2face/val_473_366_f319.jpg,1,0.8460457166810474,1,1.7039177
data/ff_plus_plus/256x256/real/val_747_f64.jpg,0,0.8699732765231141,1,1.9007225
data/ff_plus_plus/256x256/real/test_700_f91.jpg,0,0.739650246153793,1,1.0441515
data/ff_plus_plus/256x256/real/train_229_f323.jpg,0,0.8659348733392074,1,1.865484
data/ff_plus_plus/256x256/real/train_377_f164.jpg,0,0.7935619432242526,1,1.3465312
data/ff_plus_plus/256x256/fake/faceswap/val_781_806_f279.jpg,1,0.8212691287641934,1,1.5249697
data/ff_plus_plus/256x256/fake/faceswap/train_102_114_f40.jpg,1,0.6942122615368942,1,0.81988657
data/ff_plus_plus/256x256/real/val_119_f0.jpg,0,0.8700409863322539,1,1.9013212
data/ff_plus_plus/256x256/fake/face2face/test_163_031_f149.jpg,1,0.9535050714236364,1,3.0208015
data/ff_plus_plus/256x256/real/val_130_f0.jpg,0,0.8764768387130498,1,1.9594816
data/ff_plus_plus/256x256/real/val_905_f341.jpg,0,0.6410232811678364,1,0.57980824
data/ff_plus_plus/256x256/real/test_868_f163.jpg,0,0.9031163658028426,1,2.2323408
data/ff_plus_plus/256x256/fake/neuraltextures/test_786_819_f125.jpg,1,0.48033770232960676,0,-0.07868977
data/ff_plus_plus/256x256/real/train_204_f70.jpg,0,0.9597438794125712,1,3.1714044
data/ff_plus_plus/256x256/fake/deepfakes/test_678_460_f343.jpg,1,0.8797524154578671,1,1.9900877
data/ff_plus_plus/256x256/real/test_077_f63.jpg,0,0.8527002936237981,1,1.7559388
data/ff_plus_plus/256x256/real/train_110_f252.jpg,0,0.8067413091979122,1,1.4289734
data/ff_plus_plus/256x256/fake/deepfakes/val_383_353_f176.jpg,1,0.9181195233670741,1,2.417067
data/ff_plus_plus/256x256/real/test_574_f471.jpg,0,0.49178869582137824,0,-0.03284817
data/ff_plus_plus/256x256/fake/faceswap/train_011_805_f0.jpg,1,0.8933522583519734,1,2.1254497
data/ff_plus_plus/256x256/fake/deepfakes/train_365_307_f190.jpg,1,0.1663416583642442,0,-1.6117798
data/ff_plus_plus/256x256/fake/faceswap/train_096_101_f485.jpg,1,0.7901157557319154,1,1.3256233
data/ff_plus_plus/256x256/real/train_183_f335.jpg,0,0.9539452335806031,1,3.030775
data/ff_plus_plus/256x256/real/train_264_f438.jpg,0,0.7667356987094675,1,1.18997
data/ff_plus_plus/256x256/real/train_133_f237.jpg,0,0.7737351997574562,1,1.2295237
data/ff_plus_plus/256x256/fake/face2face/val_031_163_f0.jpg,1,0.8634590024223499,1,1.8443215
data/ff_plus_plus/256x256/real/train_381_f198.jpg,0,0.8552421996701707,1,1.7763227
data/ff_plus_plus/256x256/real/val_630_f349.jpg,0,0.8108807447645942,1,1.4557432
data/ff_plus_plus/256x256/real/train_165_f212.jpg,0,0.7786079269034775,1,1.2575724
data/ff_plus_plus/256x256/fake/neuraltextures/train_305_513_f136.jpg,1,0.5734455223861723,1,0.29592285
data/ff_plus_plus/256x256/fake/neuraltextures/train_274_412_f407.jpg,1,0.9202575125610928,1,2.445851
data/ff_plus_plus/256x256/fake/faceswap/train_090_086_f638.jpg,1,0.840715861096388,1,1.6635641
data/ff_plus_plus/256x256/fake/deepfakes/test_040_997_f94.jpg,1,0.7092696554958646,1,0.8918396
data/ff_plus_plus/256x256/real/val_737_f63.jpg,0,0.6604360939143648,1,0.6652382
data/ff_plus_plus/256x256/real/train_389_f151.jpg,0,0.9005512464416563,1,2.2033646
data/ff_plus_plus/256x256/real/val_756_f294.jpg,0,0.8923141149640398,1,2.1145997
data/ff_plus_plus/256x256/fake/neuraltextures/train_207_908_f11.jpg,1,0.8936324488884179,1,2.128394
data/ff_plus_plus/256x256/real/val_492_f119.jpg,0,0.649825794989126,1,0.61827356
data/ff_plus_plus/256x256/real/test_052_f88.jpg,0,0.5974586760009489,1,0.39488736
data/ff_plus_plus/256x256/real/train_043_f374.jpg,0,0.8457319380410044,1,1.7015107
data/ff_plus_plus/256x256/fake/deepfakes/train_060_088_f494.jpg,1,0.5665336059661299,1,0.26772213
data/ff_plus_plus/256x256/real/val_579_f16.jpg,0,0.9621849093807598,1,3.2364984
data/ff_plus_plus/256x256/real/val_846_f291.jpg,0,0.9268900989456762,1,2.5398712
data/ff_plus_plus/256x256/real/val_468_f123.jpg,0,0.9386045198718683,1,2.727058
data/ff_plus_plus/256x256/fake/faceswap/test_816_649_f410.jpg,1,0.7894872894312298,1,1.3218377
data/ff_plus_plus/256x256/fake/neuraltextures/train_300_304_f144.jpg,1,0.8214929999551581,1,1.5264956
data/ff_plus_plus/256x256/real/train_335_f158.jpg,0,0.9160955484579524,1,2.390442
data/ff_plus_plus/256x256/fake/deepfakes/train_296_293_f103.jpg,1,0.5016624627487123,1,0.0066498755
data/ff_plus_plus/256x256/fake/neuraltextures/train_201_203_f122.jpg,1,0.8943560703860759,1,2.1360297
data/ff_plus_plus/256x256/fake/deepfakes/train_234_187_f72.jpg,1,0.9165384520867825,1,2.396218
data/ff_plus_plus/256x256/fake/deepfakes/val_075_977_f0.jpg,1,0.670804966135152,1,0.71182805
data/ff_plus_plus/256x256/fake/deepfakes/test_928_160_f310.jpg,1,0.7076771552345826,1,0.88412917
data/ff_plus_plus/256x256/fake/deepfakes/train_326_501_f188.jpg,1,0.796010588531466,1,1.3615444
data/ff_plus_plus/256x256/fake/face2face/train_329_327_f119.jpg,1,0.8412452131399465,1,1.6675224
data/ff_plus_plus/256x256/real/val_625_f125.jpg,0,0.7829584296787552,1,1.2829907
data/ff_plus_plus/256x256/real/val_660_f70.jpg,0,0.7643939919505179,1,1.1769224
data/ff_plus_plus/256x256/real/train_167_f199.jpg,0,0.8810943716949681,1,2.0028346
data/ff_plus_plus/256x256/real/train_365_f317.jpg,0,0.7716416230954606,1,1.217604
data/ff_plus_plus/256x256/fake/face2face/val_383_353_f283.jpg,1,0.8932146140694317,1,2.1240058
data/ff_plus_plus/256x256/real/train_134_f154.jpg,0,0.8127817690641389,1,1.4681877
data/ff_plus_plus/256x256/real/test_556_f371.jpg,0,0.7527180242204657,1,1.1131614
data/ff_plus_plus/256x256/real/train_030_f142.jpg,0,0.7705089253138685,1,1.2111871
data/ff_plus_plus/256x256/real/train_287_f294.jpg,0,0.6982400455620542,1,0.8389311
data/ff_plus_plus/256x256/fake/face2face/test_100_077_f105.jpg,1,0.9687222544554638,1,3.4330711
data/ff_plus_plus/256x256/fake/faceswap/test_749_659_f620.jpg,1,0.809821384769907,1,1.44885
data/ff_plus_plus/256x256/fake/deepfakes/test_161_141_f190.jpg,1,0.8474843681894213,1,1.7150053
data/ff_plus_plus/256x256/real/train_351_f518.jpg,0,0.8260631038665334,1,1.5579786
data/ff_plus_plus/256x256/real/val_874_f403.jpg,0,0.7801669944872381,1,1.2666398
data/ff_plus_plus/256x256/fake/face2face/train_355_748_f273.jpg,1,0.6095631089178752,1,0.44547614
data/ff_plus_plus/256x256/real/train_010_f0.jpg,0,0.9391843540752153,1,2.7371647
data/ff_plus_plus/256x256/fake/face2face/train_304_300_f391.jpg,1,0.7797701460355622,1,1.2643274
data/ff_plus_plus/256x256/real/train_301_f394.jpg,0,0.8492971233935317,1,1.7290989
data/ff_plus_plus/256x256/fake/face2face/val_194_235_f0.jpg,1,0.8953785319939278,1,2.1468978
data/ff_plus_plus/256x256/fake/face2face/test_118_120_f111.jpg,1,0.6618588043849478,1,0.6715887
data/ff_plus_plus/256x256/real/test_003_f0.jpg,0,0.7847577443556003,1,1.2936109
data/ff_plus_plus/256x256/real/train_307_f26.jpg,0,0.809224802956908,1,1.444981
data/ff_plus_plus/256x256/fake/face2face/train_323_302_f150.jpg,1,0.8210820466662258,1,1.5236957
data/ff_plus_plus/256x256/fake/deepfakes/train_098_092_f143.jpg,1,0.8723161802081387,1,1.9215949
data/ff_plus_plus/256x256/fake/faceswap/val_891_876_f274.jpg,1,0.8649303602645043,1,1.8568585
data/ff_plus_plus/256x256/fake/deepfakes/train_001_870_f0.jpg,1,0.6658208246484756,1,0.6893433
data/ff_plus_plus/256x256/real/val_814_f397.jpg,0,0.8751606217270443,1,1.9473795
data/ff_plus_plus/256x256/real/val_344_f152.jpg,0,0.413119893798757,0,-0.3510827
data/ff_plus_plus/256x256/real/train_069_f26.jpg,0,0.7999519858990284,1,1.3859943
data/ff_plus_plus/256x256/real/test_947_f242.jpg,0,0.8672057473183528,1,1.8764753
data/ff_plus_plus/256x256/real/val_208_f416.jpg,0,0.830520354018788,1,1.5893196
data/ff_plus_plus/256x256/real/val_460_f132.jpg,0,0.8721761203295559,1,1.920338
data/ff_plus_plus/256x256/fake/deepfakes/train_129_127_f158.jpg,1,0.9262561900030785,1,2.5305538
data/ff_plus_plus/256x256/fake/neuraltextures/test_914_899_f116.jpg,1,0.8748356865248265,1,1.9444087
data/ff_plus_plus/256x256/real/test_653_f629.jpg,0,0.8481563859621761,1,1.7202139
data/ff_plus_plus/256x256/fake/neuraltextures/train_232_248_f375.jpg,1,0.7308262378964414,1,0.9988186
data/ff_plus_plus/256x256/real/train_086_f32.jpg,0,0.7291322630221695,1,0.9902245
data/ff_plus_plus/256x256/real/train_240_f790.jpg,0,0.828738026388269,1,1.5767097
data/ff_plus_plus/256x256/fake/neuraltextures/test_642_635_f315.jpg,1,0.8291538529693966,1,1.5796423
data/ff_plus_plus/256x256/real/test_495_f138.jpg,0,0.8962064714591088,1,2.1557672
data/ff_plus_plus/256x256/real/train_265_f513.jpg,0,0.6043161896132101,1,0.42348212
data/ff_plus_plus/256x256/real/train_005_f0.jpg,0,0.8421878915367303,1,1.674598
data/ff_plus_plus/256x256/real/train_285_f250.jpg,0,0.9444793605054524,1,2.833879
data/ff_plus_plus/256x256/real/val_472_f148.jpg,0,0.5601961233431928,1,0.24195805
data/ff_plus_plus/256x256/real/train_323_f31.jpg,0,0.8884196251167901,1,2.074699
data/ff_plus_plus/256x256/real/train_026_f154.jpg,0,0.6907202955839826,1,0.8034889
data/ff_plus_plus/256x256/real/val_469_f14.jpg,0,0.8761445685640029,1,1.9564161
data/ff_plus_plus/256x256/fake/deepfakes/train_320_328_f86.jpg,1,0.7876951941415865,1,1.3110882
data/ff_plus_plus/256x256/real/train_013_f0.jpg,0,0.7474517056174451,1,1.0850672
data/ff_plus_plus/256x256/real/val_634_f69.jpg,0,0.8738093987119248,1,1.9350688
data/ff_plus_plus/256x256/real/train_059_f645.jpg,0,0.9306070863054237,1,2.5960524
data/ff_plus_plus/256x256/real/test_185_f361.jpg,0,0.8643252186409067,1,1.8516884
data/ff_plus_plus/256x256/fake/faceswap/test_659_749_f47.jpg,1,0.7679266437118799,1,1.1966407
data/ff_plus_plus/256x256/real/train_103_f245.jpg,0,0.8360371812371585,1,1.6290334
data/ff_plus_plus/256x256/real/val_186_f0.jpg,0,0.7557941991731641,1,1.1297578
data/ff_plus_plus/256x256/fake/faceswap/val_370_483_f283.jpg,1,0.8972178040878104,1,2.1666865
data/ff_plus_plus/256x256/real/train_066_f179.jpg,0,0.4568320461334365,0,-0.17310277
data/ff_plus_plus/256x256/fake/face2face/train_316_369_f66.jpg,1,0.736185437780785,1,1.0262356
data/ff_plus_plus/256x256/real/train_020_f160.jpg,0,0.4942166046921029,0,-0.023134613
data/ff_plus_plus/256x256/real/train_070_f164.jpg,0,0.7314986827871681,1,1.0022396
data/ff_plus_plus/256x256/real/test_050_f72.jpg,0,0.7860103986235092,1,1.3010426
data/ff_plus_plus/256x256/fake/face2face/val_846_845_f195.jpg,1,0.9450146685034402,1,2.844134
data/ff_plus_plus/256x256/real/val_822_f255.jpg,0,0.946407022999174,1,2.8712547
data/ff_plus_plus/256x256/real/test_511_f780.jpg,0,0.8851091577775909,1,2.0417285
data/ff_plus_plus/256x256/fake/neuraltextures/train_026_012_f0.jpg,1,0.5887519361989715,1,0.35880834
data/ff_plus_plus/256x256/fake/faceswap/train_207_908_f130.jpg,1,0.9005115469793011,1,2.2029214
data/ff_plus_plus/256x256/real/train_182_f448.jpg,0,0.8110983028778307,1,1.4571625
data/ff_plus_plus/256x256/real/train_027_f151.jpg,0,0.8876973496157523,1,2.0674334
data/ff_plus_plus/256x256/fake/faceswap/train_065_089_f441.jpg,1,0.7404897517773471,1,1.0485156
data/ff_plus_plus/256x256/real/train_175_f104.jpg,0,0.8834989482025216,1,2.0259898
data/ff_plus_plus/256x256/real/train_147_f298.jpg,0,0.8682447488405466,1,1.8855276
data/ff_plus_plus/256x256/fake/neuraltextures/train_114_102_f66.jpg,1,0.7843875603167276,1,1.2914207
data/ff_plus_plus/256x256/fake/deepfakes/test_003_000_f0.jpg,1,0.7878206241170318,1,1.3118384
data/ff_plus_plus/256x256/real/train_009_f0.jpg,0,0.9035682114428513,1,2.2375157
data/ff_plus_plus/256x256/fake/neuraltextures/val_747_854_f202.jpg,1,0.76499803690842,1,1.1802794
data/ff_plus_plus/256x256/fake/faceswap/test_699_734_f396.jpg,1,0.9516922080509417,1,2.9806488
data/ff_plus_plus/256x256/real/train_091_f264.jpg,0,0.9392354994511014,1,2.7380605
data/ff_plus_plus/256x256/real/test_303_f353.jpg,0,0.64162076981368,1,0.5824057
data/ff_plus_plus/256x256/fake/face2face/train_258_246_f136.jpg,1,0.6714619082120186,1,0.7148045
data/ff_plus_plus/256x256/real/test_785_f170.jpg,0,0.8962982281392248,1,2.156754
data/ff_plus_plus/256x256/fake/deepfakes/train_376_381_f141.jpg,1,0.811682395188366,1,1.4609792
data/ff_plus_plus/256x256/real/test_410_f236.jpg,0,0.8785372631105869,1,1.9786508
data/ff_plus_plus/256x256/real/val_346_f190.jpg,0,0.8736996316626636,1,1.9340737
data/ff_plus_plus/256x256/real/val_585_f135.jpg,0,0.8306349128875787,1,1.5901337
data/ff_plus_plus/256x256/fake/faceswap/test_193_030_f40.jpg,1,0.8131648835360943,1,1.4707074
data/ff_plus_plus/256x256/fake/neuraltextures/val_924_917_f447.jpg,1,0.8334267828616132,1,1.6101109
data/ff_plus_plus/256x256/real/test_161_f203.jpg,0,0.9182806915035563,1,2.4192128
data/ff_plus_plus/256x256/real/val_753_f307.jpg,0,0.8667251527008962,1,1.8723084
data/ff_plus_plus/256x256/fake/deepfakes/train_048_029_f233.jpg,1,0.7769783960149251,1,1.2481439
data/ff_plus_plus/256x256/fake/deepfakes/test_952_882_f650.jpg,1,0.8140583149340082,1,1.4765989
data/ff_plus_plus/256x256/fake/deepfakes/val_811_920_f242.jpg,1,0.7485903642667787,1,1.0911083
data/ff_plus_plus/256x256/fake/face2face/train_246_258_f137.jpg,1,0.8267333249017295,1,1.5626503
data/ff_plus_plus/256x256/fake/neuraltextures/train_134_192_f138.jpg,1,0.8541927466486969,1,1.7678713
data/ff_plus_plus/256x256/real/train_341_f598.jpg,0,0.7522105727710089,1,1.110437
data/ff_plus_plus/256x256/real/test_387_f36.jpg,0,0.7385015606845663,1,1.0381949
data/ff_plus_plus/256x256/fake/deepfakes/test_185_276_f331.jpg,1,0.8434708251279767,1,1.6842829
data/ff_plus_plus/256x256/fake/deepfakes/test_459_430_f54.jpg,1,0.7259927096859912,1,0.97438526
data/ff_plus_plus/256x256/fake/neuraltextures/train_093_121_f169.jpg,1,0.8152071221698018,1,1.4842066
data/ff_plus_plus/256x256/fake/faceswap/test_931_936_f112.jpg,1,0.7244334418414279,1,0.9665607
data/ff_plus_plus/256x256/real/train_227_f348.jpg,0,0.7152990549129368,1,0.9212614
data/ff_plus_plus/256x256/fake/faceswap/train_230_204_f102.jpg,1,0.7700296618592855,1,1.2084787
data/ff_plus_plus/256x256/fake/face2face/train_350_349_f356.jpg,1,0.9467003066915026,1,2.877052
data/ff_plus_plus/256x256/fake/face2face/train_168_222_f84.jpg,1,0.8746171728902812,1,1.9424146
data/ff_plus_plus/256x256/fake/faceswap/train_320_328_f208.jpg,1,0.6609090555247025,1,0.6673479
data/ff_plus_plus/256x256/fake/deepfakes/test_513_305_f442.jpg,1,0.6698392055130737,1,0.7074579
data/ff_plus_plus/256x256/real/val_621_f127.jpg,0,0.8790912633306964,1,1.9838527
data/ff_plus_plus/256x256/real/test_127_f357.jpg,0,0.9540313679748395,1,3.0327373
data/ff_plus_plus/256x256/fake/face2face/train_386_154_f388.jpg,1,0.5072302309777094,1,0.02892294
data/ff_plus_plus/256x256/real/val_859_f274.jpg,0,0.7492108300232337,1,1.0944078
data/ff_plus_plus/256x256/fake/deepfakes/train_240_290_f921.jpg,1,0.6597634835157947,1,0.6622404
data/ff_plus_plus/256x256/real/val_521_f114.jpg,0,0.8300090212158907,1,1.5856912
data/ff_plus_plus/256x256/real/train_396_f216.jpg,0,0.7027919075042903,1,0.8606283
data/ff_plus_plus/256x256/real/test_608_f83.jpg,0,0.9045722100011875,1,2.2490923
data/ff_plus_plus/256x256/real/test_436_f303.jpg,0,0.6845528186181855,1,0.77477455
data/ff_plus_plus/256x256/fake/face2face/test_397_602_f22.jpg,1,0.6250667654894068,1,0.5111105
data/ff_plus_plus/256x256/real/train_236_f582.jpg,0,0.8340334572753403,1,1.6144873
data/ff_plus_plus/256x256/real/train_256_f507.jpg,0,0.6591166740833184,1,0.6593603
data/ff_plus_plus/256x256/real/train_384_f174.jpg,0,0.8649049953668736,1,1.8566414
data/ff_plus_plus/256x256/real/train_369_f154.jpg,0,0.5774643727034071,1,0.31237298
data/ff_plus_plus/256x256/real/val_667_f64.jpg,0,0.8307717229162879,1,1.5911065
data/ff_plus_plus/256x256/real/train_246_f460.jpg,0,0.8747641886020905,1,1.9437559
data/ff_plus_plus/256x256/real/test_087_f95.jpg,0,0.8954197047260044,1,2.1473374
data/ff_plus_plus/256x256/real/train_088_f228.jpg,0,0.8485715152753318,1,1.7234409
data/ff_plus_plus/256x256/real/val_006_f0.jpg,0,0.9202136768608719,1,2.4452538
data/ff_plus_plus/256x256/fake/neuraltextures/test_191_188_f127.jpg,1,0.9099591539204632,1,2.3131363
data/ff_plus_plus/256x256/fake/deepfakes/val_737_719_f342.jpg,1,0.7995718550486874,1,1.3836206
data/ff_plus_plus/256x256/real/train_154_f265.jpg,0,0.6809140881308591,1,0.75797576
data/ff_plus_plus/256x256/fake/deepfakes/train_265_475_f0.jpg,1,0.7551114971243839,1,1.1260624
data/ff_plus_plus/256x256/fake/neuraltextures/val_119_123_f0.jpg,1,0.9095002348086759,1,2.307548
data/ff_plus_plus/256x256/fake/face2face/test_818_820_f68.jpg,1,0.923950559394655,1,2.4972749
data/ff_plus_plus/256x256/fake/deepfakes/train_085_124_f79.jpg,1,0.395379274171148,0,-0.42475587
data/ff_plus_plus/256x256/fake/deepfakes/train_331_260_f48.jpg,1,0.8990282243070522,1,2.1864734
data/ff_plus_plus/256x256/fake/face2face/test_252_266_f144.jpg,1,0.8363745685230214,1,1.6314967
data/ff_plus_plus/256x256/real/train_079_f175.jpg,0,0.9080976235807435,1,2.290625
data/ff_plus_plus/256x256/fake/face2face/train_056_996_f300.jpg,1,0.8765630569018151,1,1.9602782
data/ff_plus_plus/256x256/fake/face2face/train_103_082_f162.jpg,1,0.8676637473893315,1,1.8804582
data/ff_plus_plus/256x256/fake/deepfakes/train_354_362_f221.jpg,1,0.7768278288818413,1,1.2472752
data/ff_plus_plus/256x256/fake/faceswap/val_909_857_f482.jpg,1,0.8092634258498421,1,1.4452312
data/ff_plus_plus/256x256/real/val_206_f0.jpg,0,0.9226204640857956,1,2.4784956
data/ff_plus_plus/256x256/real/train_058_f598.jpg,0,0.8614637914030333,1,1.8275013
data/ff_plus_plus/256x256/real/train_201_f862.jpg,0,0.8007456010548708,1,1.3909609
data/ff_plus_plus/256x256/fake/face2face/test_272_396_f198.jpg,1,0.7975208079768521,1,1.3708708
data/ff_plus_plus/256x256/fake/neuraltextures/test_349_350_f41.jpg,1,0.7205628618299373,1,0.9472553
data/ff_plus_plus/256x256/fake/face2face/train_081_087_f127.jpg,1,0.951271822797453,1,2.9715424
data/ff_plus_plus/256x256/real/val_072_f0.jpg,0,0.8745488704482265,1,1.9417919
data/ff_plus_plus/256x256/real/val_380_f140.jpg,0,0.9046758315535299,1,2.2502933
data/ff_plus_plus/256x256/real/test_513_f51.jpg,0,0.8981017314360379,1,2.1763084
data/ff_plus_plus/256x256/real/test_821_f160.jpg,0,0.9172766113735052,1,2.4059067
data/ff_plus_plus/256x256/fake/deepfakes/val_206_221_f0.jpg,1,0.906871263157763,1,2.2760177
data/ff_plus_plus/256x256/fake/neuraltextures/train_386_154_f417.jpg,1,0.699092424936094,1,0.8429798
data/ff_plus_plus/256x256/real/val_194_f0.jpg,0,0.7903397080985526,1,1.3269743
data/ff_plus_plus/256x256/real/test_742_f171.jpg,0,0.8606817831726224,1,1.8209642
data/ff_plus_plus/256x256/real/test_834_f145.jpg,0,0.6929095837073815,1,0.8137573
data/ff_plus_plus/256x256/real/val_447_f11.jpg,0,0.6360652826184946,1,0.5583267
data/ff_plus_plus/256x256/fake/deepfakes/test_731_741_f348.jpg,1,0.8934355658519915,1,2.1263244
data/ff_plus_plus/256x256/real/val_673_f591.jpg,0,0.8971765568647073,1,2.1662393
data/ff_plus_plus/256x256/real/val_370_f122.jpg,0,0.890963308341012,1,2.1006188
data/ff_plus_plus/256x256/real/test_659_f793.jpg,0,0.8648041386309686,1,1.8557785
data/ff_plus_plus/256x256/fake/neuraltextures/train_168_222_f168.jpg,1,0.8590311451031072,1,1.8072662
data/ff_plus_plus/256x256/real/test_645_f514.jpg,0,0.7803154487565349,1,1.2675056
data/ff_plus_plus/256x256/real/train_339_f377.jpg,0,0.8871430344092766,1,2.061885
data/ff_plus_plus/256x256/fake/neuraltextures/val_673_728_f332.jpg,1,0.9549473326954432,1,3.053824
data/ff_plus_plus/256x256/fake/neuraltextures/train_101_096_f208.jpg,1,0.8932497668777444,1,2.1243744
data/ff_plus_plus/256x256/fake/neuraltextures/train_192_134_f118.jpg,1,0.9289262844042606,1,2.5703118
data/ff_plus_plus/256x256/fake/deepfakes/val_462_467_f201.jpg,1,0.6733696076457274,1,0.72346514
data/ff_plus_plus/256x256/fake/deepfakes/val_044_945_f0.jpg,1,0.670940064194481,1,0.7124399
data/ff_plus_plus/256x256/fake/deepfakes/val_621_546_f127.jpg,1,0.8466683841380567,1,1.7087061
data/ff_plus_plus/256x256/real/test_678_f399.jpg,0,0.8264344979180338,1,1.5605656
data/ff_plus_plus/256x256/real/test_082_f97.jpg,0,0.8595236025192368,1,1.8113388
data/ff_plus_plus/256x256/real/val_217_f96.jpg,0,0.7696303248358419,1,1.206225
data/ff_plus_plus/256x256/fake/deepfakes/train_009_027_f0.jpg,1,0.8897958990708007,1,2.088658
data/ff_plus_plus/256x256/real/test_310_f25.jpg,0,0.8831239920138024,1,2.022352
data/ff_plus_plus/256x256/real/test_308_f310.jpg,0,0.9484959854606335,1,2.9132178
data/ff_plus_plus/256x256/real/train_328_f252.jpg,0,0.8800974805553321,1,1.9933536
data/ff_plus_plus/256x256/real/train_064_f179.jpg,0,0.9031635865125618,1,2.2328806
data/ff_plus_plus/256x256/real/val_936_f71.jpg,0,0.7805174899709366,1,1.2686846
data/ff_plus_plus/256x256/fake/neuraltextures/test_071_054_f113.jpg,1,0.7540583241093803,1,1.1203753
data/ff_plus_plus/256x256/fake/deepfakes/val_190_176_f0.jpg,1,0.8967877810599572,1,2.162032
data/ff_plus_plus/256x256/fake/faceswap/test_164_216_f458.jpg,1,0.7230436337320321,1,0.9596096
data/ff_plus_plus/256x256/real/test_716_f86.jpg,0,0.826581145566073,1,1.5615883
data/ff_plus_plus/256x256/real/val_476_f117.jpg,0,0.8368933415793942,1,1.6352923
data/ff_plus_plus/256x256/real/train_083_f206.jpg,0,0.8971141508998636,1,2.165563
data/ff_plus_plus/256x256/real/val_601_f125.jpg,0,0.9101828682823278,1,2.3158698
data/ff_plus_plus/256x256/real/val_425_f115.jpg,0,0.8107838218643421,1,1.4551113
data/ff_plus_plus/256x256/fake/faceswap/val_840_800_f302.jpg,1,0.9081252438946373,1,2.290956
data/ff_plus_plus/256x256/fake/neuraltextures/test_252_266_f16.jpg,1,0.762610995319465,1,1.1670479
data/ff_plus_plus/256x256/fake/face2face/train_149_152_f64.jpg,1,0.5585894815432605,1,0.2354395
data/ff_plus_plus/256x256/real/train_081_f161.jpg,0,0.919647408452346,1,2.437566
data/ff_plus_plus/256x256/real/val_210_f86.jpg,0,0.9374609533999729,1,2.707384
data/ff_plus_plus/256x256/fake/neuraltextures/train_030_193_f61.jpg,1,0.8749416751625196,1,1.945377
data/ff_plus_plus/256x256/fake/faceswap/train_069_961_f55.jpg,1,0.7855464962506467,1,1.2982867
data/ff_plus_plus/256x256/fake/neuraltextures/train_377_333_f383.jpg,1,0.6324555319306232,1,0.5427656
data/ff_plus_plus/256x256/fake/face2face/train_182_242_f227.jpg,1,0.8030902030771168,1,1.4057213
data/ff_plus_plus/256x256/real/val_148_f0.jpg,0,0.7465311862594627,1,1.0801966
data/ff_plus_plus/256x256/fake/neuraltextures/train_350_349_f55.jpg,1,0.9258446335934046,1,2.524544
data/ff_plus_plus/256x256/fake/faceswap/test_052_108_f92.jpg,1,0.6983617598407343,1,0.83950883
data/ff_plus_plus/256x256/real/train_218_f303.jpg,0,0.8097922134298282,1,1.4486606
data/ff_plus_plus/256x256/fake/deepfakes/train_041_063_f204.jpg,1,0.7600884692674573,1,1.1531646
data/ff_plus_plus/256x256/real/train_336_f279.jpg,0,0.7894909457443473,1,1.3218597
data/ff_plus_plus/256x256/real/test_108_f92.jpg,0,0.9173437178349247,1,2.4067914
data/ff_plus_plus/256x256/real/train_320_f346.jpg,0,0.7679304396763962,1,1.196662
data/ff_plus_plus/256x256/fake/faceswap/test_253_183_f389.jpg,1,0.8449916946362022,1,1.6958481
data/ff_plus_plus/256x256/real/train_151_f202.jpg,0,0.7385251009631193,1,1.0383168
data/ff_plus_plus/256x256/real/train_084_f167.jpg,0,0.8107928270675805,1,1.45517
data/ff_plus_plus/256x256/fake/neuraltextures/val_535_587_f323.jpg,1,0.9519462958800674,1,2.9861894
data/ff_plus_plus/256x256/real/test_152_f193.jpg,0,0.8548381715977711,1,1.773063
data/ff_plus_plus/256x256/real/train_376_f177.jpg,0,0.8760975195262417,1,1.9559826
data/ff_plus_plus/256x256/fake/face2face/train_060_088_f526.jpg,1,0.9041929928982765,1,2.244707
data/ff_plus_plus/256x256/fake/faceswap/val_602_397_f244.jpg,1,0.9212215733125726,1,2.4590614
data/ff_plus_plus/256x256/real/train_347_f378.jpg,0,0.873667185614048,1,1.9337797
data/ff_plus_plus/256x256/real/val_512_f154.jpg,0,0.6019526884152526,1,0.41360798
data/ff_plus_plus/256x256/fake/deepfakes/train_123_119_f194.jpg,1,0.7756659473768209,1,1.2405857
data/ff_plus_plus/256x256/fake/faceswap/train_326_501_f251.jpg,1,0.8435940467531208,1,1.6852165
data/ff_plus_plus/256x256/real/train_121_f247.jpg,0,0.9409084773245326,1,2.7677584
data/ff_plus_plus/256x256/fake/face2face/test_144_122_f116.jpg,1,0.8487353158086091,1,1.7247162
data/ff_plus_plus/256x256/real/test_668_f397.jpg,0,0.8823383015765175,1,2.014762
data/ff_plus_plus/256x256/fake/deepfakes/train_174_964_f156.jpg,1,0.8070364930478653,1,1.4308678
data/ff_plus_plus/256x256/real/test_479_f117.jpg,0,0.6859625310245688,1,0.7813107
data/ff_plus_plus/256x256/fake/deepfakes/val_909_857_f350.jpg,1,0.8499999674380134,1,1.7346008
data/ff_plus_plus/256x256/real/train_255_f452.jpg,0,0.8059637861203539,1,1.423994
data/ff_plus_plus/256x256/fake/faceswap/val_076_079_f214.jpg,1,0.9397941025710147,1,2.7478905
data/ff_plus_plus/256x256/real/val_525_f142.jpg,0,0.7622118347399385,1,1.1648443
data/ff_plus_plus/256x256/real/train_041_f300.jpg,0,0.7105441697691557,1,0.8980284
data/ff_plus_plus/256x256/real/test_516_f73.jpg,0,0.7157223884549784,1,0.9233411
data/ff_plus_plus/256x256/fake/face2face/val_462_467_f320.jpg,1,0.7426126064804005,1,1.0595922
data/ff_plus_plus/256x256/real/val_619_f125.jpg,0,0.9172665339205938,1,2.4057739
data/ff_plus_plus/256x256/real/train_096_f225.jpg,0,0.8325537945979798,1,1.6038357
data/ff_plus_plus/256x256/real/train_235_f42.jpg,0,0.8762066259411196,1,1.9569881
data/ff_plus_plus/256x256/real/train_179_f303.jpg,0,0.8266276990041161,1,1.5619131
data/ff_plus_plus/256x256/real/val_885_f305.jpg,0,0.8108526488651409,1,1.45556
data/ff_plus_plus/256x256/real/test_863_f176.jpg,0,0.8340483370683263,1,1.6145948
data/ff_plus_plus/256x256/fake/neuraltextures/train_255_214_f63.jpg,1,0.7265786849694544,1,0.9773329
data/ff_plus_plus/256x256/fake/deepfakes/test_374_407_f20.jpg,1,0.854235971770786,1,1.7682184
data/ff_plus_plus/256x256/fake/faceswap/train_275_887_f174.jpg,1,0.8763972526092525,1,1.9587467
data/ff_plus_plus/256x256/fake/deepfakes/train_398_457_f20.jpg,1,0.898729095466848,1,2.1831825
data/ff_plus_plus/256x256/real/test_952_f265.jpg,0,0.8076370795280067,1,1.434729
data/ff_plus_plus/256x256/real/test_860_f173.jpg,0,0.9333024750832722,1,2.6385615
data/ff_plus_plus/256x256/real/val_789_f409.jpg,0,0.923728792078426,1,2.494123
data/ff_plus_plus/256x256/fake/face2face/train_240_290_f377.jpg,1,0.832277654824096,1,1.6018562
data/ff_plus_plus/256x256/real/test_412_f275.jpg,0,0.9342956502116927,1,2.6546278
data/ff_plus_plus/256x256/fake/faceswap/val_660_634_f232.jpg,1,0.7356860764304958,1,1.023666
data/ff_plus_plus/256x256/fake/neuraltextures/train_041_063_f336.jpg,1,0.6463276377062432,1,0.6029356
data/ff_plus_plus/256x256/real/val_023_f0.jpg,0,0.7386555615046315,1,1.0389925
data/ff_plus_plus/256x256/real/train_232_f434.jpg,0,0.76118684765246,1,1.1591974
data/ff_plus_plus/256x256/real/test_352_f260.jpg,0,0.7565543388861086,1,1.1338806
data/ff_plus_plus/256x256/real/train_359_f376.jpg,0,0.8796208164086233,1,1.9888443
data/ff_plus_plus/256x256/real/train_109_f174.jpg,0,0.7273395268506746,1,0.98116606
data/ff_plus_plus/256x256/fake/neuraltextures/val_963_879_f691.jpg,1,0.7686285686406974,1,1.2005835
data/ff_plus_plus/256x256/fake/faceswap/train_331_260_f197.jpg,1,0.8498314875475245,1,1.73328
data/ff_plus_plus/256x256/fake/face2face/val_602_397_f280.jpg,1,0.6994691333371552,1,0.8447712
data/ff_plus_plus/256x256/real/train_226_f281.jpg,0,0.8591707117345199,1,1.8084192
data/ff_plus_plus/256x256/real/val_589_f188.jpg,0,0.8696972529995983,1,1.8982846
data/ff_plus_plus/256x256/fake/face2face/train_117_217_f265.jpg,1,0.8297400680577319,1,1.5837862
data/ff_plus_plus/256x256/real/train_289_f328.jpg,0,0.7931868845354358,1,1.3442433
data/ff_plus_plus/256x256/real/train_350_f348.jpg,0,0.9334394041627249,1,2.6407633
data/ff_plus_plus/256x256/fake/neuraltextures/train_422_695_f42.jpg,1,0.6670172897983059,1,0.6947254
data/ff_plus_plus/256x256/real/train_034_f168.jpg,0,0.8275706080624974,1,1.5685066
data/ff_plus_plus/256x256/real/test_935_f223.jpg,0,0.7477878091998905,1,1.0868485
data/ff_plus_plus/256x256/fake/faceswap/train_027_009_f173.jpg,1,0.8089011363551734,1,1.4428858
data/ff_plus_plus/256x256/real/test_385_f24.jpg,0,0.8211709811496365,1,1.5243012
data/ff_plus_plus/256x256/real/train_367_f22.jpg,0,0.8516703023636861,1,1.747762
data/ff_plus_plus/256x256/fake/neuraltextures/train_141_161_f126.jpg,1,0.9168690588354267,1,2.4005477
data/ff_plus_plus/256x256/real/train_024_f147.jpg,0,0.9466546128798387,1,2.8761468
data/ff_plus_plus/256x256/real/val_775_f327.jpg,0,0.8721245385185619,1,1.9198754
data/ff_plus_plus/256x256/real/val_291_f113.jpg,0,0.7240725248854739,1,0.9647535
data/ff_plus_plus/256x256/fake/face2face/test_014_790_f118.jpg,1,0.7362938156867233,1,1.0267937
data/ff_plus_plus/256x256/real/train_314_f213.jpg,0,0.6384739786146455,1,0.5687469
data/ff_plus_plus/256x256/real/test_136_f273.jpg,0,0.7773598881415696,1,1.2503468
data/ff_plus_plus/256x256/fake/faceswap/train_177_211_f84.jpg,1,0.8533266986428144,1,1.7609348
data/ff_plus_plus/256x256/fake/faceswap/train_056_996_f42.jpg,1,0.8935600059076728,1,2.1276321
data/ff_plus_plus/256x256/fake/faceswap/train_172_582_f74.jpg,1,0.8298839612198189,1,1.5848051
data/ff_plus_plus/256x256/real/val_363_f130.jpg,0,0.6695327347464771,1,0.70607245
data/ff_plus_plus/256x256/fake/deepfakes/train_030_193_f234.jpg,1,0.43788528219422923,0,-0.24974899
data/ff_plus_plus/256x256/fake/deepfakes/val_870_001_f249.jpg,1,0.8632697136541195,1,1.8427169
data/ff_plus_plus/256x256/real/test_277_f499.jpg,0,0.896878981239501,1,2.1630177
data/ff_plus_plus/256x256/real/train_078_f198.jpg,0,0.8865442855457827,1,2.0559185
data/ff_plus_plus/256x256/real/train_196_f43.jpg,0,0.8377434114699789,1,1.6415329
data/ff_plus_plus/256x256/fake/faceswap/train_299_145_f151.jpg,1,0.7103220767318843,1,0.8969488
data/ff_plus_plus/256x256/fake/face2face/train_066_062_f14.jpg,1,0.6817345768604349,1,0.7617547
data/ff_plus_plus/256x256/fake/faceswap/test_127_129_f34.jpg,1,0.9000780589445598,1,2.1980922
data/ff_plus_plus/256x256/fake/faceswap/val_515_519_f620.jpg,1,0.7238124524111792,1,0.96345216
data/ff_plus_plus/256x256/real/train_042_f290.jpg,0,0.8975167488456235,1,2.1699324
data/ff_plus_plus/256x256/real/train_260_f41.jpg,0,0.8783796077106335,1,1.9771742
data/ff_plus_plus/256x256/fake/deepfakes/val_370_483_f149.jpg,1,0.8556016122096681,1,1.7792288
data/ff_plus_plus/256x256/fake/deepfakes/train_246_258_f85.jpg,1,0.8046119452256232,1,1.4153725
data/ff_plus_plus/256x256/fake/face2face/val_795_907_f234.jpg,1,0.9378367789030077,1,2.7138124
data/ff_plus_plus/256x256/real/test_115_f99.jpg,0,0.8204151802860677,1,1.5191629
data/ff_plus_plus/256x256/real/train_000_f0.jpg,0,0.8225266461269077,1,1.5335604
data/ff_plus_plus/256x256/real/train_317_f375.jpg,0,0.8506661188937087,1,1.7398351
data/ff_plus_plus/256x256/real/train_213_f312.jpg,0,0.7819187951681177,1,1.2768834
data/ff_plus_plus/256x256/fake/face2face/train_002_006_f0.jpg,1,0.8992042487762549,1,2.188414
data/ff_plus_plus/256x256/fake/neuraltextures/train_406_391_f475.jpg,1,0.884487609116048,1,2.0356307
data/ff_plus_plus/256x256/real/train_099_f253.jpg,0,0.5959013013795893,1,0.3884159
data/ff_plus_plus/256x256/real/test_838_f172.jpg,0,0.9120158351799431,1,2.3385005
data/ff_plus_plus/256x256/fake/deepfakes/val_753_789_f614.jpg,1,0.7301733586810986,1,0.9955023
data/ff_plus_plus/256x256/fake/deepfakes/val_473_366_f296.jpg,1,0.9061874380366658,1,2.2679474
data/ff_plus_plus/256x256/real/train_085_f158.jpg,0,0.8320185668267756,1,1.6000013
data/ff_plus_plus/256x256/real/train_286_f368.jpg,0,0.9239194327732091,1,2.496832
data/ff_plus_plus/256x256/fake/faceswap/test_279_298_f137.jpg,1,0.7306064852139006,1,0.9977018
data/ff_plus_plus/256x256/fake/face2face/train_359_317_f469.jpg,1,0.9385339015274818,1,2.7258332
data/ff_plus_plus/256x256/fake/face2face/val_210_241_f0.jpg,1,0.9401932663966382,1,2.7549672
data/ff_plus_plus/256x256/fake/face2face/train_188_191_f51.jpg,1,0.8293566678598753,1,1.5810747
data/ff_plus_plus/256x256/fake/neuraltextures/val_453_402_f305.jpg,1,0.7824310173611949,1,1.2798898
data/ff_plus_plus/256x256/fake/deepfakes/test_495_512_f59.jpg,1,0.8673462370427009,1,1.8776958
data/ff_plus_plus/256x256/fake/neuraltextures/val_579_701_f243.jpg,1,0.9276072523527541,1,2.5505023
data/ff_plus_plus/256x256/real/test_349_f259.jpg,0,0.7933018047665066,1,1.344944
data/ff_plus_plus/256x256/fake/neuraltextures/train_020_344_f0.jpg,1,0.6974982959643626,1,0.83541316
data/ff_plus_plus/256x256/real/train_048_f367.jpg,0,0.7726460503200948,1,1.223313
data/ff_plus_plus/256x256/fake/faceswap/val_346_351_f402.jpg,1,0.7039433785470086,1,0.8661472
data/ff_plus_plus/256x256/real/train_068_f179.jpg,0,0.9240832836862825,1,2.4991653
data/ff_plus_plus/256x256/real/test_113_f86.jpg,0,0.812186188145168,1,1.4642785
data/ff_plus_plus/256x256/fake/deepfakes/test_349_350_f178.jpg,1,0.8646932152872863,1,1.8548301
data/ff_plus_plus/256x256/real/test_371_f395.jpg,0,0.905664512687152,1,2.2618115
data/ff_plus_plus/256x256/fake/neuraltextures/val_150_153_f109.jpg,1,0.8260828450059838,1,1.558116
data/ff_plus_plus/256x256/fake/neuraltextures/train_236_237_f605.jpg,1,0.916304552118495,1,2.3931642
data/ff_plus_plus/256x256/fake/deepfakes/test_439_441_f190.jpg,1,0.8696589560561757,1,1.8979467
data/ff_plus_plus/256x256/fake/neuraltextures/train_320_328_f98.jpg,1,0.8548426015500828,1,1.7730987
data/ff_plus_plus/256x256/real/val_840_f57.jpg,0,0.8994474451229693,1,2.1911001
data/ff_plus_plus/256x256/real/train_254_f411.jpg,0,0.8386671522612916,1,1.6483443
data/ff_plus_plus/256x256/fake/face2face/val_046_904_f0.jpg,1,0.8496041861509789,1,1.7315
data/ff_plus_plus/256x256/fake/neuraltextures/test_087_081_f127.jpg,1,0.8230028306460662,1,1.5368259
data/ff_plus_plus/256x256/real/train_160_f257.jpg,0,0.7221998036816439,1,0.9553997
data/ff_plus_plus/256x256/real/test_164_f351.jpg,0,0.8835869952696109,1,2.0268455
data/ff_plus_plus/256x256/fake/neuraltextures/train_334_318_f147.jpg,1,0.7184464172150471,1,0.93676835
data/ff_plus_plus/256x256/real/val_557_f175.jpg,0,0.9023736108929458,1,2.2238808
data/ff_plus_plus/256x256/fake/neuraltextures/train_311_387_f25.jpg,1,0.8791967906329046,1,1.9848459
data/ff_plus_plus/256x256/real/train_391_f188.jpg,0,0.829460351753876,1,1.5818075
data/ff_plus_plus/256x256/real/train_168_f296.jpg,0,0.8954799301114872,1,2.1479807
data/ff_plus_plus/256x256/real/test_272_f22.jpg,0,0.9465202354491647,1,2.873489
data/ff_plus_plus/256x256/fake/neuraltextures/train_415_484_f43.jpg,1,0.9443721321373545,1,2.831836
data/ff_plus_plus/256x256/real/val_046_f0.jpg,0,0.8431540277741874,1,1.6818854
data/ff_plus_plus/256x256/real/val_770_f359.jpg,0,0.9358252902871326,1,2.6798196
data/ff_plus_plus/256x256/fake/neuraltextures/val_006_002_f0.jpg,1,0.8929161780101055,1,2.1208808
data/ff_plus_plus/256x256/fake/faceswap/val_297_270_f10.jpg,1,0.7497668859710422,1,1.0973694
data/ff_plus_plus/256x256/fake/face2face/train_309_303_f452.jpg,1,0.9392357962257388,1,2.7380657
data/ff_plus_plus/256x256/fake/faceswap/train_381_376_f17.jpg,1,0.6324818687471354,1,0.5428789
data/ff_plus_plus/256x256/real/train_106_f195.jpg,0,0.8750009024442829,1,1.9459184
data/ff_plus_plus/256x256/fake/faceswap/val_438_434_f312.jpg,1,0.8086522624201574,1,1.4412766
data/ff_plus_plus/256x256/fake/faceswap/val_673_728_f351.jpg,1,0.8863783981461568,1,2.0542703
data/ff_plus_plus/256x256/fake/deepfakes/test_087_081_f95.jpg,1,0.7982369509459666,1,1.3753115
data/ff_plus_plus/256x256/fake/neuraltextures/val_074_825_f0.jpg,1,0.9352103009890332,1,2.6696248
data/ff_plus_plus/256x256/fake/faceswap/train_309_303_f314.jpg,1,0.807371632845613,1,1.4330213
data/ff_plus_plus/256x256/fake/deepfakes/train_313_283_f331.jpg,1,0.8030811575222915,1,1.4056641
data/ff_plus_plus/256x256/fake/neuraltextures/val_037_072_f10.jpg,1,0.8993710684565465,1,2.1902559
data/ff_plus_plus/256x256/real/train_057_f415.jpg,0,0.9037476513275462,1,2.2395768
data/ff_plus_plus/256x256/fake/neuraltextures/train_013_883_f0.jpg,1,0.8753031727292521,1,1.9486849
data/ff_plus_plus/256x256/real/train_039_f440.jpg,0,0.751517822094662,1,1.1067238
data/ff_plus_plus/256x256/fake/faceswap/train_122_144_f53.jpg,1,0.8676939085750303,1,1.8807209
data/ff_plus_plus/256x256/fake/neuraltextures/val_814_871_f299.jpg,1,0.8663885478038542,1,1.8693975
data/ff_plus_plus/256x256/fake/faceswap/test_152_149_f43.jpg,1,0.650629515437008,1,0.62180746
data/ff_plus_plus/256x256/real/test_816_f169.jpg,0,0.941709219454638,1,2.7822526
data/ff_plus_plus/256x256/real/train_162_f306.jpg,0,0.9173023159611053,1,2.4062455
data/ff_plus_plus/256x256/fake/face2face/train_212_179_f564.jpg,1,0.8912957489332227,1,2.1040454
data/ff_plus_plus/256x256/real/test_731_f80.jpg,0,0.935047779579951,1,2.6669457
data/ff_plus_plus/256x256/real/val_462_f120.jpg,0,0.7356656195651843,1,1.0235608
data/ff_plus_plus/256x256/real/val_457_f127.jpg,0,0.6914612140094876,1,0.8069595
data/ff_plus_plus/256x256/fake/faceswap/test_016_209_f243.jpg,1,0.27879067292360155,0,-0.9504682
data/ff_plus_plus/256x256/fake/deepfakes/train_358_380_f238.jpg,1,0.8964405933105484,1,2.1582866
data/ff_plus_plus/256x256/fake/faceswap/test_878_866_f472.jpg,1,0.8096504203239963,1,1.4477403
data/ff_plus_plus/256x256/fake/face2face/train_098_092_f189.jpg,1,0.9596159210395739,1,3.1680975
data/ff_plus_plus/256x256/real/test_878_f228.jpg,0,0.7278645078280191,1,0.98381484
data/ff_plus_plus/256x256/real/test_397_f207.jpg,0,0.7454208939107968,1,1.0743374
data/ff_plus_plus/256x256/real/train_038_f272.jpg,0,0.8955029149643261,1,2.1482263
data/ff_plus_plus/256x256/real/val_338_f183.jpg,0,0.9229124793590603,1,2.482593
data/ff_plus_plus/256x256/fake/neuraltextures/train_267_286_f84.jpg,1,0.768116656030977,1,1.1977072
data/ff_plus_plus/256x256/real/train_126_f11.jpg,0,0.8490701691988125,1,1.7273268
data/ff_plus_plus/256x256/fake/face2face/train_010_005_f0.jpg,1,0.9303058681583294,1,2.5913973
data/ff_plus_plus/256x256/fake/faceswap/val_047_862_f0.jpg,1,0.7474326773633756,1,1.0849664
data/ff_plus_plus/256x256/fake/faceswap/test_385_414_f12.jpg,1,0.7340543289948394,1,1.015291
data/ff_plus_plus/256x256/real/test_071_f77.jpg,0,0.8386327413483012,1,1.64809
data/ff_plus_plus/256x256/fake/faceswap/train_167_166_f58.jpg,1,0.8925075154183806,1,2.116614
data/ff_plus_plus/256x256/real/test_269_f212.jpg,0,0.8587087809801879,1,1.8046067
data/ff_plus_plus/256x256/real/val_657_f56.jpg,0,0.8845853797723839,1,2.036588
data/ff_plus_plus/256x256/fake/face2face/test_738_804_f61.jpg,1,0.9553596368687858,1,3.0634494
data/ff_plus_plus/256x256/real/train_211_f399.jpg,0,0.8507209000583009,1,1.7402664
data/ff_plus_plus/256x256/real/train_288_f317.jpg,0,0.9115325648299769,1,2.3324928
data/ff_plus_plus/256x256/fake/face2face/val_883_013_f182.jpg,1,0.8728457018038591,1,1.9263575
data/ff_plus_plus/256x256/fake/deepfakes/train_260_331_f0.jpg,1,0.7124553518466854,1,0.9073391
data/ff_plus_plus/256x256/fake/deepfakes/val_934_918_f272.jpg,1,0.96348787829833,1,3.2729156
data/ff_plus_plus/256x256/fake/face2face/val_503_756_f412.jpg,1,0.9351098700979895,1,2.6679685
data/ff_plus_plus/256x256/fake/neuraltextures/test_508_831_f146.jpg,1,0.7527766144161554,1,1.1134762
data/ff_plus_plus/256x256/real/train_225_f271.jpg,0,0.8119086828697816,1,1.4624603
data/ff_plus_plus/256x256/fake/deepfakes/val_589_565_f165.jpg,1,0.7204739481996524,1,0.94681376
data/ff_plus_plus/256x256/real/train_275_f277.jpg,0,0.6406637802382641,1,0.5782463
data/ff_plus_plus/256x256/real/val_394_f130.jpg,0,0.8977630214618345,1,2.1726127
data/ff_plus_plus/256x256/real/train_036_f220.jpg,0,0.7796819678753081,1,1.263814
data/ff_plus_plus/256x256/fake/faceswap/train_041_063_f36.jpg,1,0.8169292045866273,1,1.4956795
data/ff_plus_plus/256x256/fake/face2face/test_436_526_f490.jpg,1,0.7956699360901481,1,1.3594478
data/ff_plus_plus/256x256/fake/neuraltextures/test_446_667_f247.jpg,1,0.7960543458391014,1,1.3618139
data/ff_plus_plus/256x256/fake/deepfakes/train_117_217_f207.jpg,1,0.8819813970660515,1,2.0113287
data/ff_plus_plus/256x256/fake/neuraltextures/test_385_414_f216.jpg,1,0.8629617282369663,1,1.8401101
data/ff_plus_plus/256x256/real/val_891_f284.jpg,0,0.8530516334328828,1,1.7587388
data/ff_plus_plus/256x256/real/train_029_f157.jpg,0,0.8981698716094174,1,2.1770532
data/ff_plus_plus/256x256/real/train_028_f164.jpg,0,0.9237930000999937,1,2.4950347
data/ff_plus_plus/256x256/fake/face2face/val_137_165_f0.jpg,1,0.7944240116761506,1,1.3518016
data/ff_plus_plus/256x256/fake/neuraltextures/train_174_964_f299.jpg,1,0.9573413235181154,1,3.1109293
data/ff_plus_plus/256x256/fake/face2face/val_691_732_f29.jpg,1,0.7632785494051242,1,1.1707389
data/ff_plus_plus/256x256/fake/face2face/train_017_803_f163.jpg,1,0.9194296636070223,1,2.434623
data/ff_plus_plus/256x256/real/train_358_f422.jpg,0,0.9167309045580051,1,2.3987365
data/ff_plus_plus/256x256/real/val_715_f825.jpg,0,0.9503887269489091,1,2.952653
data/ff_plus_plus/256x256/real/train_322_f236.jpg,0,0.8879709086338433,1,2.0701804
data/ff_plus_plus/256x256/real/train_092_f221.jpg,0,0.5755298647798643,1,0.30444947
data/ff_plus_plus/256x256/real/test_931_f142.jpg,0,0.8358082680328216,1,1.6273644
data/ff_plus_plus/256x256/fake/faceswap/val_383_353_f283.jpg,1,0.8932146140694317,1,2.1240058
data/ff_plus_plus/256x256/fake/deepfakes/val_521_517_f198.jpg,1,0.8184665062745482,1,1.5059923
data/ff_plus_plus/256x256/real/train_025_f231.jpg,0,0.9010345407412917,1,2.2087727
data/ff_plus_plus/256x256/fake/neuraltextures/train_359_317_f47.jpg,1,0.8833450642024447,1,2.0244956
data/ff_plus_plus/256x256/real/train_111_f208.jpg,0,0.6733270274554249,1,0.72327155
data/ff_plus_plus/256x256/fake/deepfakes/val_572_554_f119.jpg,1,0.8063432252834702,1,1.4264221
data/ff_plus_plus/256x256/real/train_247_f398.jpg,0,0.8792795673135012,1,1.9856255
data/ff_plus_plus/256x256/real/train_268_f504.jpg,0,0.6068675225692091,1,0.43416387
data/ff_plus_plus/256x256/real/val_294_f145.jpg,0,0.9236200599751396,1,2.4925807
data/ff_plus_plus/256x256/real/test_928_f142.jpg,0,0.7885450224650442,1,1.3161774
data/ff_plus_plus/256x256/real/train_089_f284.jpg,0,0.8410417616446462,1,1.6659998
data/ff_plus_plus/256x256/real/train_120_f208.jpg,0,0.8841950323107676,1,2.0327702
data/ff_plus_plus/256x256/real/val_558_f220.jpg,0,0.8020145489360178,1,1.3989332
data/ff_plus_plus/256x256/real/train_197_f848.jpg,0,0.7661566847547082,1,1.1867354
data/ff_plus_plus/256x256/real/val_408_f115.jpg,0,0.6925841935050628,1,0.81222856
data/ff_plus_plus/256x256/fake/neuraltextures/train_183_253_f268.jpg,1,0.9280913965849564,1,2.5577343
data/ff_plus_plus/256x256/fake/faceswap/test_439_441_f125.jpg,1,0.8767451398258509,1,1.9619621
data/ff_plus_plus/256x256/fake/neuraltextures/train_000_003_f0.jpg,1,0.7839736128922506,1,1.2889748
data/ff_plus_plus/256x256/fake/faceswap/train_336_338_f261.jpg,1,0.6923412956444743,1,0.81108797
data/ff_plus_plus/256x256/fake/neuraltextures/test_402_453_f218.jpg,1,0.7037086374275713,1,0.8650211
data/ff_plus_plus/256x256/real/train_002_f0.jpg,0,0.8516584271392826,1,1.747668
data/ff_plus_plus/256x256/fake/face2face/test_374_407_f312.jpg,1,0.8575768817528914,1,1.7953085
data/ff_plus_plus/256x256/real/val_319_f172.jpg,0,0.7710352975266913,1,1.2141663
data/ff_plus_plus/256x256/fake/faceswap/train_017_803_f163.jpg,1,0.9194296636070223,1,2.434623
data/ff_plus_plus/256x256/fake/faceswap/test_564_971_f279.jpg,1,0.9272083063474476,1,2.5445764
data/ff_plus_plus/256x256/fake/face2face/val_583_558_f368.jpg,1,0.9721735762218789,1,3.5535483
data/ff_plus_plus/256x256/fake/neuraltextures/train_048_029_f372.jpg,1,0.9138567324988983,1,2.361662
data/ff_plus_plus/256x256/real/train_146_f345.jpg,0,0.7952949679853074,1,1.357143
data/ff_plus_plus/256x256/fake/face2face/test_449_451_f302.jpg,1,0.8443531142165046,1,1.6909809
data/ff_plus_plus/256x256/fake/neuraltextures/train_063_041_f276.jpg,1,0.843873707407571,1,1.6873376
data/ff_plus_plus/256x256/fake/faceswap/test_082_103_f97.jpg,1,0.7692911534641527,1,1.204313
data/ff_plus_plus/256x256/fake/faceswap/train_159_175_f55.jpg,1,0.8481029831099954,1,1.7197993
data/ff_plus_plus/256x256/fake/neuraltextures/train_089_065_f197.jpg,1,0.8993908958739794,1,2.190475
data/ff_plus_plus/256x256/fake/deepfakes/val_948_965_f298.jpg,1,0.6558587021326645,1,0.64489305
data/ff_plus_plus/256x256/fake/faceswap/val_934_918_f337.jpg,1,0.946968080514157,1,2.8823714
data/ff_plus_plus/256x256/fake/faceswap/test_308_388_f138.jpg,1,0.823384349998986,1,1.5394472
data/ff_plus_plus/256x256/real/val_166_f0.jpg,0,0.802923379196821,1,1.4046667
data/ff_plus_plus/256x256/fake/neuraltextures/val_186_170_f45.jpg,1,0.8183387527284608,1,1.5051327
data/ff_plus_plus/256x256/fake/deepfakes/test_269_268_f239.jpg,1,0.8615130969490562,1,1.8279145
data/ff_plus_plus/256x256/real/train_230_f307.jpg,0,0.846202097776669,1,1.7051188
data/ff_plus_plus/256x256/fake/faceswap/train_241_210_f10.jpg,1,0.9561177976365551,1,3.0813723
data/ff_plus_plus/256x256/real/val_583_f16.jpg,0,0.9433490283221387,1,2.8125272
data/ff_plus_plus/256x256/real/val_934_f64.jpg,0,0.864161148716877,1,1.85029
data/ff_plus_plus/256x256/real/test_818_f176.jpg,0,0.8265194843266478,1,1.5611582
data/ff_plus_plus/256x256/fake/face2face/train_229_247_f274.jpg,1,0.8604667799601111,1,1.8191723
data/ff_plus_plus/256x256/real/train_173_f124.jpg,0,0.7094814105469058,1,0.89286673
data/ff_plus_plus/256x256/fake/faceswap/val_811_920_f318.jpg,1,0.7723431157649505,1,1.2215893
data/ff_plus_plus/256x256/fake/deepfakes/val_503_756_f324.jpg,1,0.9181976424397907,1,2.4181066
data/ff_plus_plus/256x256/fake/face2face/train_091_116_f157.jpg,1,0.9013890986918904,1,2.2127552
data/ff_plus_plus/256x256/real/val_044_f0.jpg,0,0.8662909556245988,1,1.8685547
data/ff_plus_plus/256x256/fake/neuraltextures/val_482_465_f56.jpg,1,0.7898281565149184,1,1.3238899
data/ff_plus_plus/256x256/fake/faceswap/val_032_944_f0.jpg,1,0.764317550709541,1,1.176498
data/ff_plus_plus/256x256/real/train_174_f113.jpg,0,0.9507043036466855,1,2.9593663
data/ff_plus_plus/256x256/fake/faceswap/train_022_489_f167.jpg,1,0.8398614688653999,1,1.6571977
data/ff_plus_plus/256x256/fake/face2face/train_123_119_f207.jpg,1,0.8108524034720097,1,1.4555584
data/ff_plus_plus/256x256/real/train_309_f468.jpg,0,0.892312923446767,1,2.1145873
data/ff_plus_plus/256x256/fake/face2face/test_659_749_f548.jpg,1,0.8944824223395021,1,2.1373677
data/ff_plus_plus/256x256/real/val_373_f145.jpg,0,0.6848576036103531,1,0.77618635
data/ff_plus_plus/256x256/fake/neuraltextures/test_720_672_f204.jpg,1,0.8448460668300054,1,1.6947367
data/ff_plus_plus/256x256/fake/face2face/train_340_341_f56.jpg,1,0.8500798924101531,1,1.7352278
data/ff_plus_plus/256x256/real/train_378_f235.jpg,0,0.7985886262032487,1,1.3774965
data/ff_plus_plus/256x256/real/train_219_f300.jpg,0,0.8780158363331431,1,1.9737734
data/ff_plus_plus/256x256/fake/face2face/val_822_244_f249.jpg,1,0.9251106873318301,1,2.5139022
data/ff_plus_plus/256x256/fake/face2face/test_080_061_f0.jpg,1,0.7909433038453212,1,1.3306208
data/ff_plus_plus/256x256/fake/face2face/test_191_188_f117.jpg,1,0.9462451966053854,1,2.8680687
data/ff_plus_plus/256x256/real/train_251_f35.jpg,0,0.9382282142944496,1,2.7205465
data/ff_plus_plus/256x256/real/val_074_f0.jpg,0,0.9272950277882176,1,2.545862
data/ff_plus_plus/256x256/real/val_150_f0.jpg,0,0.7837310261016552,1,1.287543
data/ff_plus_plus/256x256/real/train_159_f189.jpg,0,0.8283782718268872,1,1.5741771
data/ff_plus_plus/256x256/fake/neuraltextures/train_328_320_f175.jpg,1,0.8150262050449821,1,1.4830061
data/ff_plus_plus/256x256/fake/faceswap/train_213_083_f143.jpg,1,0.8744237440508374,1,1.9406519
data/ff_plus_plus/256x256/real/val_781_f359.jpg,0,0.8271621536883128,1,1.5656469
data/ff_plus_plus/256x256/real/train_357_f309.jpg,0,0.8395968092598644,1,1.6552312
data/ff_plus_plus/256x256/fake/deepfakes/test_138_142_f211.jpg,1,0.9230303551465668,1,2.484251
data/ff_plus_plus/256x256/fake/face2face/test_412_274_f179.jpg,1,0.8897832389965524,1,2.0885289
data/ff_plus_plus/256x256/fake/neuraltextures/val_660_634_f23.jpg,1,0.84848603150791,1,1.7227758
data/ff_plus_plus/256x256/fake/neuraltextures/train_149_152_f107.jpg,1,0.46960940769438864,0,-0.1217124
data/ff_plus_plus/256x256/fake/neuraltextures/test_988_966_f150.jpg,1,0.842234416859677,1,1.6749481
data/ff_plus_plus/256x256/fake/deepfakes/val_840_800_f318.jpg,1,0.8731008617611378,1,1.9286585
data/ff_plus_plus/256x256/fake/faceswap/val_460_678_f357.jpg,1,0.5392483306703335,1,0.15731697
data/ff_plus_plus/256x256/fake/faceswap/train_134_192_f78.jpg,1,0.8681830314858588,1,1.8849882
data/ff_plus_plus/256x256/fake/face2face/test_564_971_f316.jpg,1,0.8645531182174505,1,1.8536332
data/ff_plus_plus/256x256/fake/faceswap/val_166_167_f222.jpg,1,0.7869824849339786,1,1.3068316
data/ff_plus_plus/256x256/fake/deepfakes/train_160_928_f147.jpg,1,0.4872530431615744,0,-0.050998878
data/ff_plus_plus/256x256/fake/neuraltextures/train_355_748_f65.jpg,1,0.7013886792059547,1,0.8539194
data/ff_plus_plus/256x256/fake/deepfakes/train_301_262_f157.jpg,1,0.8108263290610191,1,1.4553884
data/ff_plus_plus/256x256/fake/faceswap/train_085_124_f54.jpg,1,0.8391999999544941,1,1.6522877
data/ff_plus_plus/256x256/real/test_623_f36.jpg,0,0.9169060181532882,1,2.4010327
data/ff_plus_plus/256x256/real/train_188_f63.jpg,0,0.817613161596236,1,1.5002594
data/ff_plus_plus/256x256/fake/face2face/train_268_269_f53.jpg,1,0.7277518582938314,1,0.9832462
data/ff_plus_plus/256x256/real/train_054_f303.jpg,0,0.8464575660350228,1,1.7070831
data/ff_plus_plus/256x256/fake/deepfakes/test_706_479_f202.jpg,1,0.6950605135945108,1,0.82388556
data/ff_plus_plus/256x256/real/test_263_f185.jpg,0,0.8054564515814111,1,1.4207531
data/ff_plus_plus/256x256/fake/deepfakes/train_056_996_f256.jpg,1,0.811813829743651,1,1.4618393
data/ff_plus_plus/256x256/real/train_067_f203.jpg,0,0.8534872064527784,1,1.7622178
data/ff_plus_plus/256x256/fake/face2face/test_860_905_f78.jpg,1,0.9026549427813051,1,2.2270784
data/ff_plus_plus/256x256/fake/neuraltextures/test_466_428_f149.jpg,1,0.9144330151585467,1,2.3690047
data/ff_plus_plus/256x256/fake/faceswap/val_492_325_f346.jpg,1,0.5913314661903634,1,0.36947232
data/ff_plus_plus/256x256/fake/faceswap/val_194_235_f21.jpg,1,0.870717449125025,1,1.9073172
data/ff_plus_plus/256x256/fake/neuraltextures/train_261_254_f73.jpg,1,0.7140108530088225,1,0.9149443
data/ff_plus_plus/256x256/fake/face2face/val_521_517_f295.jpg,1,0.9329439195217318,1,2.6328158
data/ff_plus_plus/256x256/real/test_686_f82.jpg,0,0.4440649068870576,0,-0.22468081
data/ff_plus_plus/256x256/fake/deepfakes/train_212_179_f171.jpg,1,0.9003104507846033,1,2.2006788
data/ff_plus_plus/256x256/real/train_184_f864.jpg,0,0.831618771135873,1,1.5971435
data/ff_plus_plus/256x256/fake/face2face/val_775_742_f128.jpg,1,0.8824739438997077,1,2.0160692
data/ff_plus_plus/256x256/fake/deepfakes/train_276_185_f307.jpg,1,0.8806461721706597,1,1.9985635
data/ff_plus_plus/256x256/fake/face2face/train_225_151_f250.jpg,1,0.8581583566892724,1,1.8000774
data/ff_plus_plus/256x256/real/val_696_f69.jpg,0,0.8085887980642888,1,1.4408665
data/ff_plus_plus/256x256/fake/deepfakes/train_134_192_f226.jpg,1,0.8153596612389072,1,1.4852195
data/ff_plus_plus/256x256/fake/neuraltextures/test_419_824_f268.jpg,1,0.7072438697631718,1,0.8820356
data/ff_plus_plus/256x256/real/train_125_f120.jpg,0,0.6904875874455116,1,0.8023998
data/ff_plus_plus/256x256/real/val_199_f0.jpg,0,0.7661031652233066,1,1.1864367
data/ff_plus_plus/256x256/fake/faceswap/train_079_076_f45.jpg,1,0.7547414351830747,1,1.1240622
data/ff_plus_plus/256x256/real/val_239_f182.jpg,0,0.8236837645073849,1,1.5415075
data/ff_plus_plus/256x256/fake/faceswap/test_456_435_f196.jpg,1,0.7208655867436446,1,0.94875926
data/ff_plus_plus/256x256/fake/faceswap/val_210_241_f0.jpg,1,0.9401932663966382,1,2.7549672
data/ff_plus_plus/256x256/real/train_142_f33.jpg,0,0.9064874471385633,1,2.2714815
data/ff_plus_plus/256x256/real/test_040_f75.jpg,0,0.9256079373594173,1,2.5211015
data/ff_plus_plus/256x256/fake/faceswap/test_508_831_f292.jpg,1,0.4853649948328025,0,-0.058556747
data/ff_plus_plus/256x256/fake/face2face/test_479_706_f0.jpg,1,0.7986875758462575,1,1.3781118
data/ff_plus_plus/256x256/fake/neuraltextures/train_160_928_f116.jpg,1,0.887889340110857,1,2.0693607
data/ff_plus_plus/256x256/fake/deepfakes/val_657_644_f469.jpg,1,0.7868702276844386,1,1.3061621
data/ff_plus_plus/256x256/fake/face2face/val_662_641_f252.jpg,1,0.8763731265854179,1,1.958524
data/ff_plus_plus/256x256/fake/deepfakes/train_091_116_f22.jpg,1,0.87443186953333,1,1.9407259
data/ff_plus_plus/256x256/fake/face2face/val_297_270_f245.jpg,1,0.7345149462669208,1,1.0176518
data/ff_plus_plus/256x256/fake/face2face/train_174_964_f46.jpg,1,0.9419802314996983,1,2.7872005
data/ff_plus_plus/256x256/real/test_701_f94.jpg,0,0.9018711633074074,1,2.2181904
data/ff_plus_plus/256x256/fake/faceswap/train_141_161_f50.jpg,1,0.8750414418699157,1,1.9462891
data/ff_plus_plus/256x256/fake/face2face/val_370_483_f283.jpg,1,0.8972178040878104,1,2.1666865
data/ff_plus_plus/256x256/fake/deepfakes/train_270_297_f64.jpg,1,0.825893449723879,1,1.5567983
data/ff_plus_plus/256x256/real/val_362_f125.jpg,0,0.9064027295560484,1,2.2704825
data/ff_plus_plus/256x256/fake/deepfakes/test_071_054_f93.jpg,1,0.8137678477229017,1,1.4746811
data/ff_plus_plus/256x256/real/test_360_f251.jpg,0,0.8516170598557202,1,1.7473406
data/ff_plus_plus/256x256/real/test_216_f245.jpg,0,0.8660149563667083,1,1.866174
data/ff_plus_plus/256x256/fake/faceswap/test_838_810_f440.jpg,1,0.8318006324188308,1,1.5984428
data/ff_plus_plus/256x256/fake/faceswap/train_364_440_f28.jpg,1,0.8644203176300403,1,1.8524996
data/ff_plus_plus/256x256/real/train_116_f179.jpg,0,0.756860499318046,1,1.1355436
data/ff_plus_plus/256x256/real/train_011_f0.jpg,0,0.857409983132105,1,1.7939427
data/ff_plus_plus/256x256/real/test_171_f260.jpg,0,0.9479989261415467,1,2.903089
data/ff_plus_plus/256x256/fake/neuraltextures/test_163_031_f125.jpg,1,0.9594456647864243,1,3.163713
data/ff_plus_plus/256x256/real/train_169_f357.jpg,0,0.6547625930244255,1,0.6400404
data/ff_plus_plus/256x256/real/val_899_f462.jpg,0,0.871148962741411,1,1.911156
data/ff_plus_plus/256x256/fake/faceswap/test_642_635_f394.jpg,1,0.776256222047344,1,1.2439811
data/ff_plus_plus/256x256/real/val_076_f0.jpg,0,0.8585006239991685,1,1.8028921
data/ff_plus_plus/256x256/real/train_261_f606.jpg,0,0.7690808764150826,1,1.2031286
data/ff_plus_plus/256x256/real/val_453_f133.jpg,0,0.848897149272632,1,1.7259773
data/ff_plus_plus/256x256/fake/face2face/train_111_094_f211.jpg,1,0.6560512461242168,1,0.64574623
data/ff_plus_plus/256x256/real/val_195_f0.jpg,0,0.9382300224979307,1,2.7205777
data/ff_plus_plus/256x256/fake/deepfakes/val_023_923_f0.jpg,1,0.7211898634288635,1,0.9503714
data/ff_plus_plus/256x256/real/val_937_f62.jpg,0,0.7246230295947979,1,0.9675106
data/ff_plus_plus/256x256/real/train_018_f163.jpg,0,0.9019164569176256,1,2.2187023
data/ff_plus_plus/256x256/real/test_439_f286.jpg,0,0.892965296044492,1,2.1213946
data/ff_plus_plus/256x256/real/val_780_f276.jpg,0,0.6502265087355428,1,0.620035
data/ff_plus_plus/256x256/fake/face2face/test_642_635_f552.jpg,1,0.888811063404153,1,2.0786538
data/ff_plus_plus/256x256/real/train_001_f0.jpg,0,0.85666115713908,1,1.7878311
data/ff_plus_plus/256x256/fake/neuraltextures/val_362_354_f266.jpg,1,0.7999916060887132,1,1.3862419
data/ff_plus_plus/256x256/fake/deepfakes/test_588_556_f430.jpg,1,0.6961206721305245,1,0.82889235
data/ff_plus_plus/256x256/fake/faceswap/train_357_432_f249.jpg,1,0.8699604821412461,1,1.9006094
data/ff_plus_plus/256x256/fake/neuraltextures/train_393_405_f475.jpg,1,0.7589457706140667,1,1.1469084
data/ff_plus_plus/256x256/real/test_446_f305.jpg,0,0.44916610724503814,0,-0.20404053
data/ff_plus_plus/256x256/fake/faceswap/train_201_203_f15.jpg,1,0.7636612240860547,1,1.172858
data/ff_plus_plus/256x256/real/test_100_f87.jpg,0,0.9301611886183172,1,2.589168
data/ff_plus_plus/256x256/real/train_045_f300.jpg,0,0.5113873810476204,1,0.045557402
data/ff_plus_plus/256x256/real/test_293_f365.jpg,0,0.5609723371504384,1,0.24510917
data/ff_plus_plus/256x256/real/val_909_f592.jpg,0,0.8810174930756093,1,2.002101
data/ff_plus_plus/256x256/real/val_104_f0.jpg,0,0.8414783622209303,1,1.6692692
data/ff_plus_plus/256x256/real/train_093_f179.jpg,0,0.7892835925112599,1,1.3206125
data/ff_plus_plus/256x256/fake/faceswap/test_397_602_f280.jpg,1,0.5193451584696693,1,0.07741928
data/ff_plus_plus/256x256/real/train_141_f174.jpg,0,0.8913113662351613,1,2.1042066
data/ff_plus_plus/256x256/fake/faceswap/train_060_088_f595.jpg,1,0.8445513253701477,1,1.6924899
data/ff_plus_plus/256x256/real/test_392_f1443.jpg,0,0.9148108075827015,1,2.3738427
data/ff_plus_plus/256x256/fake/neuraltextures/test_115_939_f132.jpg,1,0.8058299314451327,1,1.4231383
data/ff_plus_plus/256x256/real/train_340_f271.jpg,0,0.8826401571804671,1,2.0176728
data/ff_plus_plus/256x256/fake/face2face/val_924_917_f431.jpg,1,0.9272486366519578,1,2.5451741
data/ff_plus_plus/256x256/fake/face2face/val_076_079_f0.jpg,1,0.8707438891802405,1,1.9075521
data/ff_plus_plus/256x256/fake/face2face/val_248_232_f177.jpg,1,0.9152072733972847,1,2.3789408
data/ff_plus_plus/256x256/real/train_273_f232.jpg,0,0.8515495427555628,1,1.7468064
data/ff_plus_plus/256x256/fake/face2face/train_292_294_f395.jpg,1,0.8612984889771319,1,1.8261169
data/ff_plus_plus/256x256/real/train_205_f84.jpg,0,0.9124710529438653,1,2.3441868
data/ff_plus_plus/256x256/fake/face2face/val_346_351_f447.jpg,1,0.9057739850803709,1,2.2630935
data/ff_plus_plus/256x256/real/val_697_f64.jpg,0,0.7237309504864904,1,0.9630445
data/ff_plus_plus/256x256/real/val_666_f65.jpg,0,0.8973866061781497,1,2.1685183
data/ff_plus_plus/256x256/fake/neuraltextures/val_899_914_f52.jpg,1,0.9003110969938504,1,2.200686
data/ff_plus_plus/256x256/fake/faceswap/train_222_168_f112.jpg,1,0.8714664939511888,1,1.9139878
data/ff_plus_plus/256x256/fake/faceswap/val_630_623_f242.jpg,1,0.7549270868659549,1,1.1250654
data/ff_plus_plus/256x256/real/train_233_f604.jpg,0,0.9498393828624375,1,2.9410627
data/ff_plus_plus/256x256/real/train_117_f245.jpg,0,0.848714593516409,1,1.7245548
data/ff_plus_plus/256x256/real/train_056_f372.jpg,0,0.8088547425703643,1,1.4425857
data/ff_plus_plus/256x256/fake/deepfakes/train_149_152_f124.jpg,1,0.6829728519952214,1,0.7674677
data/ff_plus_plus/256x256/fake/face2face/val_447_431_f424.jpg,1,0.6229060748514289,1,0.50190145
data/ff_plus_plus/256x256/real/val_297_f13.jpg,0,0.7469556608217224,1,1.0824411
data/ff_plus_plus/256x256/fake/face2face/train_299_145_f326.jpg,1,0.84512787881545,1,1.6968882
data/ff_plus_plus/256x256/real/val_811_f391.jpg,0,0.7460498626723817,1,1.0776545
data/ff_plus_plus/256x256/fake/faceswap/train_251_375_f166.jpg,1,0.9083922829848063,1,2.2941608
data/ff_plus_plus/256x256/fake/faceswap/test_622_647_f280.jpg,1,0.6830461830908104,1,0.7678064
data/ff_plus_plus/256x256/real/test_744_f131.jpg,0,0.7932273178307004,1,1.3444898
data/ff_plus_plus/256x256/fake/deepfakes/train_225_151_f156.jpg,1,0.7415750792756667,1,1.0541712
data/ff_plus_plus/256x256/real/val_190_f0.jpg,0,0.939557021840883,1,2.7437081
data/ff_plus_plus/256x256/real/test_014_f0.jpg,0,0.5923457565443663,1,0.37367114
data/ff_plus_plus/256x256/fake/neuraltextures/train_223_586_f150.jpg,1,0.8405213772638938,1,1.6621125
data/ff_plus_plus/256x256/fake/neuraltextures/val_512_495_f572.jpg,1,0.759779316015079,1,1.15147
data/ff_plus_plus/256x256/fake/deepfakes/train_197_224_f636.jpg,1,0.80384537819138,1,1.4105037
data/ff_plus_plus/256x256/real/test_564_f580.jpg,0,0.928566098556239,1,2.564869
data/ff_plus_plus/256x256/real/train_123_f247.jpg,0,0.6879190367233339,1,0.7904085
data/ff_plus_plus/256x256/real/test_253_f241.jpg,0,0.7794056590229631,1,1.2622062
data/ff_plus_plus/256x256/fake/faceswap/test_716_712_f416.jpg,1,0.6797351440608962,1,0.7525549
data/ff_plus_plus/256x256/fake/deepfakes/test_216_164_f245.jpg,1,0.8539705631288598,1,1.7660885
data/ff_plus_plus/256x256/real/val_482_f121.jpg,0,0.5990027212573257,1,0.4013115
data/ff_plus_plus/256x256/real/val_662_f51.jpg,0,0.7750237442517056,1,1.2368988
data/ff_plus_plus/256x256/real/train_395_f169.jpg,0,0.970893164712634,1,3.5072434
data/ff_plus_plus/256x256/real/test_655_f606.jpg,0,0.6567698546675947,1,0.64893246
data/ff_plus_plus/256x256/real/train_342_f280.jpg,0,0.8016408320097085,1,1.3965813
data/ff_plus_plus/256x256/fake/neuraltextures/test_700_813_f160.jpg,1,0.7608019127937,1,1.157081
data/ff_plus_plus/256x256/fake/deepfakes/train_219_220_f168.jpg,1,0.8954082984279503,1,2.1472156
data/ff_plus_plus/256x256/real/train_355_f394.jpg,0,0.7944898849212935,1,1.352205
data/ff_plus_plus/256x256/fake/faceswap/test_738_804_f37.jpg,1,0.9358870305282166,1,2.6808481
data/ff_plus_plus/256x256/real/train_187_f883.jpg,0,0.892239478629448,1,2.1138232
data/ff_plus_plus/256x256/real/test_094_f96.jpg,0,0.7794345079400942,1,1.262374
data/ff_plus_plus/256x256/real/train_306_f376.jpg,0,0.8854690690188656,1,2.0452726
data/ff_plus_plus/256x256/fake/deepfakes/val_297_270_f107.jpg,1,0.6538585868651002,1,0.6360437
data/ff_plus_plus/256x256/real/val_176_f0.jpg,0,0.46551499672734636,0,-0.13815936
data/ff_plus_plus/256x256/real/train_237_f651.jpg,0,0.8343524532354614,1,1.6167936
data/ff_plus_plus/256x256/real/train_063_f32.jpg,0,0.7894009037990731,1,1.321318
data/ff_plus_plus/256x256/fake/faceswap/train_372_413_f143.jpg,1,0.8220141271366619,1,1.5300534
data/ff_plus_plus/256x256/fake/neuraltextures/val_789_753_f429.jpg,1,0.823665130875899,1,1.5413792
data/ff_plus_plus/256x256/fake/face2face/test_622_647_f529.jpg,1,0.8092401478593508,1,1.4450804
data/ff_plus_plus/256x256/fake/faceswap/train_235_194_f10.jpg,1,0.6477284447901235,1,0.6090692
data/ff_plus_plus/256x256/real/val_870_f415.jpg,0,0.6957787734695009,1,0.8272766
data/ff_plus_plus/256x256/fake/neuraltextures/val_468_470_f411.jpg,1,0.9560944009084749,1,3.0808148
data/ff_plus_plus/256x256/fake/deepfakes/test_113_983_f840.jpg,1,0.47803500355763967,0,-0.08791657
data/ff_plus_plus/256x256/fake/faceswap/train_315_322_f156.jpg,1,0.8430532437250243,1,1.6811235
data/ff_plus_plus/256x256/real/train_189_f511.jpg,0,0.7789818807054093,1,1.2597431
data/ff_plus_plus/256x256/fake/deepfakes/train_229_247_f175.jpg,1,0.7267392341322095,1,0.9781412
data/ff_plus_plus/256x256/fake/neuraltextures/test_040_997_f120.jpg,1,0.9476988835235608,1,2.8970191
data/ff_plus_plus/256x256/fake/deepfakes/train_204_230_f425.jpg,1,0.5478463800410165,1,0.19197293
data/ff_plus_plus/256x256/fake/face2face/train_197_224_f50.jpg,1,0.9055184435614864,1,2.260103
data/ff_plus_plus/256x256/real/train_098_f174.jpg,0,0.9633128085897077,1,3.2679505
data/ff_plus_plus/256x256/fake/faceswap/train_004_982_f0.jpg,1,0.7393627745311183,1,1.0426592
data/ff_plus_plus/256x256/fake/face2face/train_275_887_f279.jpg,1,0.8583392861214291,1,1.8015646
data/ff_plus_plus/256x256/real/val_808_f438.jpg,0,0.877778498759644,1,1.9715593
data/ff_plus_plus/256x256/fake/face2face/train_160_928_f51.jpg,1,0.7530231195960999,1,1.1148012
data/ff_plus_plus/256x256/fake/deepfakes/test_293_296_f26.jpg,1,0.811026755074411,1,1.4566956
data/ff_plus_plus/256x256/real/test_413_f208.jpg,0,0.8407782545079635,1,1.6640301
data/ff_plus_plus/256x256/real/val_795_f397.jpg,0,0.9147850007553435,1,2.3735116
data/ff_plus_plus/256x256/fake/deepfakes/train_188_191_f287.jpg,1,0.7852714867765808,1,1.296655
data/ff_plus_plus/256x256/fake/faceswap/val_472_511_f445.jpg,1,0.6138474486100022,1,0.46351394
data/ff_plus_plus/256x256/fake/face2face/val_905_860_f221.jpg,1,0.6593789863517316,1,0.660528
data/ff_plus_plus/256x256/real/train_207_f83.jpg,0,0.8233814124440412,1,1.539427
data/ff_plus_plus/256x256/real/test_144_f201.jpg,0,0.95544350920245,1,3.0654178
data/ff_plus_plus/256x256/real/train_304_f336.jpg,0,0.8473804572423108,1,1.7142016
data/ff_plus_plus/256x256/real/val_695_f74.jpg,0,0.8679410174705485,1,1.8828751
data/ff_plus_plus/256x256/real/train_055_f393.jpg,0,0.7096533793782164,1,0.8937012
data/ff_plus_plus/256x256/real/train_242_f34.jpg,0,0.6167041154787302,1,0.47558212
data/ff_plus_plus/256x256/fake/neuraltextures/train_340_341_f60.jpg,1,0.8785169334771981,1,1.9784603
data/ff_plus_plus/256x256/real/train_101_f276.jpg,0,0.8857831667482476,1,2.0483735
data/ff_plus_plus/256x256/real/val_153_f0.jpg,0,0.7472185441053837,1,1.0838324
data/ff_plus_plus/256x256/fake/faceswap/train_147_055_f54.jpg,1,0.8826969935205617,1,2.0182216
data/ff_plus_plus/256x256/real/val_383_f144.jpg,0,0.891144647740369,1,2.1024868
data/ff_plus_plus/256x256/real/val_906_f347.jpg,0,0.955229355221016,1,3.0603988
data/ff_plus_plus/256x256/real/train_353_f320.jpg,0,0.9291862162958019,1,2.5742555
data/ff_plus_plus/256x256/fake/faceswap/test_529_633_f264.jpg,1,0.8620468161343274,1,1.8323952
data/ff_plus_plus/256x256/real/train_298_f332.jpg,0,0.935693334480613,1,2.6776245
data/ff_plus_plus/256x256/fake/face2face/train_027_009_f222.jpg,1,0.9541608047912031,1,3.0356927
data/ff_plus_plus/256x256/real/train_004_f0.jpg,0,0.8859120260322164,1,2.0496478
data/ff_plus_plus/256x256/fake/face2face/train_041_063_f640.jpg,1,0.6073361727606885,1,0.43612862
data/ff_plus_plus/256x256/fake/faceswap/val_870_001_f379.jpg,1,0.8772335077200063,1,1.9664891
data/ff_plus_plus/256x256/real/test_706_f90.jpg,0,0.8485139906417885,1,1.7229933
data/ff_plus_plus/256x256/real/val_037_f0.jpg,0,0.8390567330048476,1,1.6512264
data/ff_plus_plus/256x256/real/test_633_f475.jpg,0,0.9281932385452014,1,2.5592613
data/ff_plus_plus/256x256/real/val_691_f55.jpg,0,0.7168569780356592,1,0.9289242
data/ff_plus_plus/256x256/real/train_330_f266.jpg,0,0.9047584494971019,1,2.2512517
data/ff_plus_plus/256x256/real/train_139_f156.jpg,0,0.9445954646405744,1,2.8360953
data/ff_plus_plus/256x256/real/val_752_f350.jpg,0,0.8191873796317632,1,1.5108516
data/ff_plus_plus/256x256/real/test_914_f137.jpg,0,0.7808016978124793,1,1.2703444
data/ff_plus_plus/256x256/fake/deepfakes/val_696_686_f376.jpg,1,0.6860715523954758,1,0.78181684
data/ff_plus_plus/256x256/real/test_138_f225.jpg,0,0.9297738737839878,1,2.583221
data/ff_plus_plus/256x256/fake/face2face/train_286_267_f241.jpg,1,0.9347813755627455,1,2.6625676
data/ff_plus_plus/256x256/real/test_497_f620.jpg,0,0.7938181240714586,1,1.3480957
data/ff_plus_plus/256x256/real/test_746_f169.jpg,0,0.9583323424082251,1,3.1354694
data/ff_plus_plus/256x256/real/train_234_f490.jpg,0,0.9545656763094498,1,3.0449886
data/ff_plus_plus/256x256/fake/faceswap/val_583_558_f310.jpg,1,0.9135937668416291,1,2.3583262
data/ff_plus_plus/256x256/real/val_526_f173.jpg,0,0.9230691369319659,1,2.484797
data/ff_plus_plus/256x256/real/test_724_f82.jpg,0,0.7179159044874798,1,0.9341472
