image_path,true_label,predicted_prob
data/ff_plus_plus/224x224/fake/deepfakes/test_627_658_f321.jpg,1,0.9058801531791687
data/ff_plus_plus/224x224/fake/face2face/val_634_660_f245.jpg,1,0.010862390510737896
data/ff_plus_plus/224x224/fake/face2face/val_714_842_f30.jpg,1,0.23795360326766968
data/ff_plus_plus/224x224/fake/face2face/train_022_489_f233.jpg,1,0.06684836000204086
data/ff_plus_plus/224x224/real/val_375_f121.jpg,0,0.014283343218266964
data/ff_plus_plus/224x224/fake/face2face/train_135_880_f224.jpg,1,0.023563653230667114
data/ff_plus_plus/224x224/fake/face2face/test_050_059_f0.jpg,1,0.006227546371519566
data/ff_plus_plus/224x224/fake/deepfakes/test_397_602_f195.jpg,1,0.9442117810249329
data/ff_plus_plus/224x224/fake/faceswap/val_557_560_f276.jpg,1,0.9409850835800171
data/ff_plus_plus/224x224/real/train_015_f0.jpg,0,0.005108615383505821
data/ff_plus_plus/224x224/fake/faceswap/train_192_134_f138.jpg,1,0.2674062252044678
data/ff_plus_plus/224x224/real/test_529_f34.jpg,0,0.8583307266235352
data/ff_plus_plus/224x224/fake/face2face/test_349_350_f195.jpg,1,0.05101076140999794
data/ff_plus_plus/224x224/fake/neuraltextures/val_199_181_f37.jpg,1,0.206476628780365
data/ff_plus_plus/224x224/fake/neuraltextures/train_227_169_f197.jpg,1,0.01067113596946001
data/ff_plus_plus/224x224/fake/neuraltextures/test_744_674_f101.jpg,1,0.0026501931715756655
data/ff_plus_plus/224x224/real/train_249_f565.jpg,0,0.31556999683380127
data/ff_plus_plus/224x224/fake/neuraltextures/test_272_396_f155.jpg,1,0.024362504482269287
data/ff_plus_plus/224x224/fake/faceswap/test_352_319_f115.jpg,1,0.013399025425314903
data/ff_plus_plus/224x224/real/train_313_f215.jpg,0,0.0007350798696279526
data/ff_plus_plus/224x224/fake/deepfakes/train_111_094_f163.jpg,1,0.0044585466384887695
data/ff_plus_plus/224x224/real/train_073_f242.jpg,0,0.04681556299328804
data/ff_plus_plus/224x224/real/val_032_f0.jpg,0,0.004652209579944611
data/ff_plus_plus/224x224/fake/deepfakes/test_809_799_f328.jpg,1,0.44874081015586853
data/ff_plus_plus/224x224/real/train_132_f127.jpg,0,0.02308114431798458
data/ff_plus_plus/224x224/real/train_177_f169.jpg,0,0.039450161159038544
data/ff_plus_plus/224x224/real/test_720_f97.jpg,0,0.0009732896578498185
data/ff_plus_plus/224x224/fake/neuraltextures/val_625_650_f216.jpg,1,0.002035115147009492
data/ff_plus_plus/224x224/fake/neuraltextures/test_863_853_f141.jpg,1,0.0028878517914563417
data/ff_plus_plus/224x224/fake/neuraltextures/train_286_267_f21.jpg,1,0.057552069425582886
data/ff_plus_plus/224x224/real/train_356_f441.jpg,0,0.0016544389072805643
data/ff_plus_plus/224x224/real/train_019_f1240.jpg,0,0.0047118887305259705
data/ff_plus_plus/224x224/fake/deepfakes/val_891_876_f172.jpg,1,0.9661241769790649
data/ff_plus_plus/224x224/real/val_945_f733.jpg,0,0.0002338110061828047
data/ff_plus_plus/224x224/real/val_031_f0.jpg,0,0.04688958451151848
data/ff_plus_plus/224x224/real/train_112_f201.jpg,0,0.08259087800979614
data/ff_plus_plus/224x224/fake/face2face/train_204_230_f63.jpg,1,0.006389915943145752
data/ff_plus_plus/224x224/fake/deepfakes/train_347_314_f220.jpg,1,0.3695383369922638
data/ff_plus_plus/224x224/fake/neuraltextures/test_821_812_f130.jpg,1,0.012217647396028042
data/ff_plus_plus/224x224/real/test_419_f234.jpg,0,0.0058053298853337765
data/ff_plus_plus/224x224/real/train_326_f566.jpg,0,0.0017418042989447713
data/ff_plus_plus/224x224/real/test_699_f90.jpg,0,0.0007677455432713032
data/ff_plus_plus/224x224/real/train_302_f452.jpg,0,0.0006409485940821469
data/ff_plus_plus/224x224/fake/neuraltextures/val_239_218_f254.jpg,1,0.061349064111709595
data/ff_plus_plus/224x224/real/train_284_f299.jpg,0,0.0003687043790705502
data/ff_plus_plus/224x224/real/train_244_f498.jpg,0,0.009737791493535042
data/ff_plus_plus/224x224/fake/neuraltextures/train_121_093_f74.jpg,1,0.002946161199361086
data/ff_plus_plus/224x224/fake/deepfakes/val_346_351_f190.jpg,1,0.7578617334365845
data/ff_plus_plus/224x224/real/val_572_f131.jpg,0,0.2577151358127594
data/ff_plus_plus/224x224/fake/faceswap/train_353_383_f258.jpg,1,0.002923038089647889
data/ff_plus_plus/224x224/fake/deepfakes/train_251_375_f95.jpg,1,0.18717573583126068
data/ff_plus_plus/224x224/fake/neuraltextures/test_144_122_f127.jpg,1,0.16372571885585785
data/ff_plus_plus/224x224/real/train_224_f369.jpg,0,0.006378781981766224
data/ff_plus_plus/224x224/fake/deepfakes/train_306_278_f350.jpg,1,0.006605973467230797
data/ff_plus_plus/224x224/real/test_155_f342.jpg,0,0.11108243465423584
data/ff_plus_plus/224x224/real/test_193_f204.jpg,0,0.0032866750843822956
data/ff_plus_plus/224x224/fake/deepfakes/val_781_806_f228.jpg,1,0.700324296951294
data/ff_plus_plus/224x224/real/test_080_f99.jpg,0,0.027799373492598534
data/ff_plus_plus/224x224/real/train_149_f212.jpg,0,0.18851681053638458
data/ff_plus_plus/224x224/fake/faceswap/train_246_258_f187.jpg,1,0.424753338098526
data/ff_plus_plus/224x224/real/train_274_f309.jpg,0,0.001209720503538847
data/ff_plus_plus/224x224/real/test_399_f356.jpg,0,0.011039331555366516
data/ff_plus_plus/224x224/fake/deepfakes/train_065_089_f425.jpg,1,0.08565039932727814
data/ff_plus_plus/224x224/real/train_131_f105.jpg,0,0.06063308194279671
data/ff_plus_plus/224x224/fake/deepfakes/val_447_431_f156.jpg,1,0.908621609210968
data/ff_plus_plus/224x224/fake/face2face/train_234_187_f747.jpg,1,0.006715824827551842
data/ff_plus_plus/224x224/fake/face2face/train_034_590_f227.jpg,1,0.0011997534893453121
data/ff_plus_plus/224x224/fake/faceswap/val_747_854_f212.jpg,1,0.5822291374206543
data/ff_plus_plus/224x224/real/test_496_f1391.jpg,0,0.19648516178131104
data/ff_plus_plus/224x224/fake/deepfakes/train_069_961_f693.jpg,1,0.958092987537384
data/ff_plus_plus/224x224/real/test_749_f23.jpg,0,0.05082210898399353
data/ff_plus_plus/224x224/real/val_916_f66.jpg,0,0.00904839113354683
data/ff_plus_plus/224x224/fake/deepfakes/train_391_406_f150.jpg,1,0.01535964198410511
data/ff_plus_plus/224x224/fake/face2face/val_748_355_f85.jpg,1,0.002423870610073209
data/ff_plus_plus/224x224/real/train_267_f283.jpg,0,0.00342129566706717
data/ff_plus_plus/224x224/real/train_262_f396.jpg,0,0.0022798446007072926
data/ff_plus_plus/224x224/fake/face2face/test_749_659_f931.jpg,1,0.018611669540405273
data/ff_plus_plus/224x224/real/test_279_f468.jpg,0,0.2716731131076813
data/ff_plus_plus/224x224/fake/deepfakes/train_384_932_f143.jpg,1,0.7985891699790955
data/ff_plus_plus/224x224/real/train_296_f23.jpg,0,0.0003976446168962866
data/ff_plus_plus/224x224/fake/face2face/train_142_138_f394.jpg,1,0.02457895129919052
data/ff_plus_plus/224x224/real/test_463_f108.jpg,0,0.014677179977297783
data/ff_plus_plus/224x224/real/train_241_f40.jpg,0,0.00111792900133878
data/ff_plus_plus/224x224/real/test_466_f11.jpg,0,0.003972696140408516
data/ff_plus_plus/224x224/real/train_311_f25.jpg,0,0.0005658093141391873
data/ff_plus_plus/224x224/fake/deepfakes/train_103_082_f20.jpg,1,0.9852253794670105
data/ff_plus_plus/224x224/fake/neuraltextures/val_937_888_f52.jpg,1,0.010905830189585686
data/ff_plus_plus/224x224/fake/face2face/train_377_333_f295.jpg,1,0.009915996342897415
data/ff_plus_plus/224x224/fake/faceswap/test_108_052_f41.jpg,1,0.8346579670906067
data/ff_plus_plus/224x224/real/train_325_f391.jpg,0,0.014155342243611813
data/ff_plus_plus/224x224/real/val_137_f0.jpg,0,0.06370873749256134
data/ff_plus_plus/224x224/real/val_638_f697.jpg,0,0.0027316189371049404
data/ff_plus_plus/224x224/fake/deepfakes/test_653_601_f528.jpg,1,0.9984910488128662
data/ff_plus_plus/224x224/real/train_143_f227.jpg,0,0.022679317742586136
data/ff_plus_plus/224x224/fake/faceswap/train_034_590_f196.jpg,1,0.28584787249565125
data/ff_plus_plus/224x224/real/val_535_f160.jpg,0,0.0739714726805687
data/ff_plus_plus/224x224/fake/faceswap/test_412_274_f342.jpg,1,0.779522180557251
data/ff_plus_plus/224x224/real/test_642_f532.jpg,0,0.10528714209794998
data/ff_plus_plus/224x224/real/test_443_f473.jpg,0,0.026682049036026
data/ff_plus_plus/224x224/fake/faceswap/train_286_267_f147.jpg,1,0.9639521837234497
data/ff_plus_plus/224x224/fake/face2face/train_393_405_f36.jpg,1,0.0015571838011965156
data/ff_plus_plus/224x224/real/train_364_f490.jpg,0,0.04380081221461296
data/ff_plus_plus/224x224/fake/neuraltextures/train_214_255_f127.jpg,1,0.7398708462715149
data/ff_plus_plus/224x224/real/train_214_f365.jpg,0,0.5849170088768005
data/ff_plus_plus/224x224/fake/face2face/test_303_309_f29.jpg,1,0.2541728615760803
data/ff_plus_plus/224x224/fake/face2face/test_529_633_f405.jpg,1,0.5309535264968872
data/ff_plus_plus/224x224/fake/deepfakes/train_141_161_f279.jpg,1,0.6656463146209717
data/ff_plus_plus/224x224/fake/neuraltextures/train_367_371_f558.jpg,1,0.07499410957098007
data/ff_plus_plus/224x224/real/train_065_f182.jpg,0,0.4198544919490814
data/ff_plus_plus/224x224/fake/neuraltextures/train_073_024_f252.jpg,1,0.030920499935746193
data/ff_plus_plus/224x224/fake/deepfakes/test_834_852_f291.jpg,1,0.10034079104661942
data/ff_plus_plus/224x224/fake/faceswap/train_264_271_f187.jpg,1,0.72686767578125
data/ff_plus_plus/224x224/fake/neuraltextures/val_601_653_f225.jpg,1,0.010025115683674812
data/ff_plus_plus/224x224/fake/faceswap/train_226_491_f101.jpg,1,0.30473592877388
data/ff_plus_plus/224x224/real/test_627_f373.jpg,0,0.013206909410655499
data/ff_plus_plus/224x224/real/val_515_f158.jpg,0,0.00430119875818491
data/ff_plus_plus/224x224/real/train_090_f283.jpg,0,0.05057002231478691
data/ff_plus_plus/224x224/fake/neuraltextures/val_394_373_f274.jpg,1,1.495719698141329e-05
data/ff_plus_plus/224x224/fake/deepfakes/train_015_919_f0.jpg,1,0.03653582185506821
data/ff_plus_plus/224x224/real/train_270_f288.jpg,0,0.06738205254077911
data/ff_plus_plus/224x224/fake/neuraltextures/test_529_633_f149.jpg,1,0.886940598487854
data/ff_plus_plus/224x224/real/val_473_f158.jpg,0,0.0010482246289029717
data/ff_plus_plus/224x224/fake/face2face/train_367_371_f469.jpg,1,0.3325488269329071
data/ff_plus_plus/224x224/real/train_223_f288.jpg,0,0.013703114353120327
data/ff_plus_plus/224x224/real/train_181_f378.jpg,0,0.11002082377672195
data/ff_plus_plus/224x224/fake/deepfakes/train_182_242_f277.jpg,1,0.3965618312358856
data/ff_plus_plus/224x224/fake/deepfakes/train_339_392_f220.jpg,1,0.5215134620666504
data/ff_plus_plus/224x224/real/val_602_f183.jpg,0,0.15509584546089172
data/ff_plus_plus/224x224/fake/faceswap/val_756_503_f451.jpg,1,0.8365902304649353
data/ff_plus_plus/224x224/fake/faceswap/train_116_091_f44.jpg,1,0.4568617343902588
data/ff_plus_plus/224x224/fake/deepfakes/val_239_218_f263.jpg,1,0.8081526160240173
data/ff_plus_plus/224x224/fake/faceswap/val_248_232_f102.jpg,1,0.18626929819583893
data/ff_plus_plus/224x224/real/train_228_f421.jpg,0,0.009330026805400848
data/ff_plus_plus/224x224/fake/neuraltextures/val_874_291_f45.jpg,1,0.538173496723175
data/ff_plus_plus/224x224/fake/deepfakes/test_868_949_f370.jpg,1,0.026880143210291862
data/ff_plus_plus/224x224/real/test_402_f218.jpg,0,0.11161001771688461
data/ff_plus_plus/224x224/real/test_888_f147.jpg,0,0.006600747350603342
data/ff_plus_plus/224x224/real/train_140_f166.jpg,0,0.0011043972335755825
data/ff_plus_plus/224x224/real/test_163_f188.jpg,0,0.005878755357116461
data/ff_plus_plus/224x224/real/test_508_f602.jpg,0,2.8090953492210247e-05
data/ff_plus_plus/224x224/real/test_324_f43.jpg,0,0.010451357811689377
data/ff_plus_plus/224x224/real/train_200_f74.jpg,0,0.01192094013094902
data/ff_plus_plus/224x224/fake/face2face/val_166_167_f0.jpg,1,0.22729818522930145
data/ff_plus_plus/224x224/real/train_250_f524.jpg,0,0.006782642565667629
data/ff_plus_plus/224x224/fake/neuraltextures/test_564_971_f158.jpg,1,0.024394432082772255
data/ff_plus_plus/224x224/fake/neuraltextures/train_057_070_f252.jpg,1,0.3027247488498688
data/ff_plus_plus/224x224/fake/faceswap/train_184_205_f105.jpg,1,0.2874623239040375
data/ff_plus_plus/224x224/real/train_192_f78.jpg,0,0.21859578788280487
data/ff_plus_plus/224x224/fake/faceswap/train_258_246_f187.jpg,1,0.9198055267333984
data/ff_plus_plus/224x224/real/train_315_f271.jpg,0,0.027488620951771736
data/ff_plus_plus/224x224/fake/face2face/test_508_831_f326.jpg,1,0.005206376314163208
data/ff_plus_plus/224x224/real/train_051_f518.jpg,0,0.004876382183283567
data/ff_plus_plus/224x224/fake/neuraltextures/val_373_394_f274.jpg,1,0.1965731829404831
data/ff_plus_plus/224x224/real/val_503_f162.jpg,0,0.03171971067786217
data/ff_plus_plus/224x224/fake/neuraltextures/train_242_182_f45.jpg,1,0.046659860759973526
data/ff_plus_plus/224x224/real/val_714_f57.jpg,0,0.10824569314718246
data/ff_plus_plus/224x224/real/train_299_f215.jpg,0,0.013848017901182175
data/ff_plus_plus/224x224/fake/face2face/train_264_271_f134.jpg,1,0.6594475507736206
data/ff_plus_plus/224x224/real/test_421_f35.jpg,0,0.06085469201207161
data/ff_plus_plus/224x224/fake/neuraltextures/test_303_309_f432.jpg,1,0.07358358800411224
data/ff_plus_plus/224x224/fake/deepfakes/val_130_139_f0.jpg,1,0.08568917959928513
data/ff_plus_plus/224x224/fake/faceswap/test_479_706_f22.jpg,1,0.22947297990322113
data/ff_plus_plus/224x224/fake/face2face/test_699_734_f870.jpg,1,0.01217951811850071
data/ff_plus_plus/224x224/fake/face2face/test_716_712_f549.jpg,1,0.0032094884663820267
data/ff_plus_plus/224x224/fake/faceswap/val_697_581_f26.jpg,1,0.6449868083000183
data/ff_plus_plus/224x224/fake/face2face/train_070_057_f14.jpg,1,0.06484302878379822
data/ff_plus_plus/224x224/real/train_276_f227.jpg,0,0.01591821201145649
data/ff_plus_plus/224x224/fake/face2face/train_219_220_f294.jpg,1,0.07997401058673859
data/ff_plus_plus/224x224/real/train_305_f435.jpg,0,5.660541501129046e-05
data/ff_plus_plus/224x224/real/train_300_f329.jpg,0,0.001861457945778966
data/ff_plus_plus/224x224/real/train_386_f169.jpg,0,0.00943872332572937
data/ff_plus_plus/224x224/real/val_828_f274.jpg,0,0.0017707302467897534
data/ff_plus_plus/224x224/real/test_809_f151.jpg,0,0.00012142430932726711
data/ff_plus_plus/224x224/fake/neuraltextures/val_697_581_f249.jpg,1,6.389558257069439e-05
data/ff_plus_plus/224x224/real/val_883_f372.jpg,0,0.014093013480305672
data/ff_plus_plus/224x224/real/train_390_f250.jpg,0,0.031602099537849426
data/ff_plus_plus/224x224/real/train_212_f342.jpg,0,0.016617480665445328
data/ff_plus_plus/224x224/real/train_222_f336.jpg,0,0.004850910045206547
data/ff_plus_plus/224x224/fake/faceswap/train_129_127_f45.jpg,1,0.02434203214943409
data/ff_plus_plus/224x224/fake/face2face/train_131_518_f131.jpg,1,0.23077985644340515
data/ff_plus_plus/224x224/real/val_924_f903.jpg,0,0.04790224879980087
data/ff_plus_plus/224x224/fake/face2face/train_086_090_f189.jpg,1,0.015153319574892521
data/ff_plus_plus/224x224/real/val_075_f0.jpg,0,0.030385639518499374
data/ff_plus_plus/224x224/fake/deepfakes/test_746_571_f407.jpg,1,0.21810925006866455
data/ff_plus_plus/224x224/fake/faceswap/val_137_165_f239.jpg,1,0.15578049421310425
data/ff_plus_plus/224x224/real/train_017_f164.jpg,0,0.6589809060096741
data/ff_plus_plus/224x224/real/train_372_f167.jpg,0,0.0007880439516156912
data/ff_plus_plus/224x224/real/train_393_f199.jpg,0,0.0009482282912358642
data/ff_plus_plus/224x224/fake/neuraltextures/train_249_280_f605.jpg,1,0.12291525304317474
data/ff_plus_plus/224x224/fake/face2face/val_937_888_f42.jpg,1,0.01994326151907444
data/ff_plus_plus/224x224/fake/neuraltextures/train_292_294_f43.jpg,1,0.45431798696517944
data/ff_plus_plus/224x224/fake/faceswap/train_304_300_f20.jpg,1,0.04293009266257286
data/ff_plus_plus/224x224/fake/face2face/test_947_951_f1012.jpg,1,0.12429862469434738
data/ff_plus_plus/224x224/real/train_114_f174.jpg,0,0.0010009306715801358
data/ff_plus_plus/224x224/real/train_135_f146.jpg,0,0.0018609699327498674
data/ff_plus_plus/224x224/real/val_368_f131.jpg,0,0.01570247858762741
data/ff_plus_plus/224x224/real/train_332_f382.jpg,0,0.0011007330613210797
data/ff_plus_plus/224x224/real/train_129_f11.jpg,0,0.13955873250961304
data/ff_plus_plus/224x224/fake/deepfakes/val_667_446_f419.jpg,1,0.9647113680839539
data/ff_plus_plus/224x224/real/test_554_f712.jpg,0,0.02471483312547207
data/ff_plus_plus/224x224/real/test_191_f204.jpg,0,0.07875460386276245
data/ff_plus_plus/224x224/fake/deepfakes/train_020_344_f281.jpg,1,0.5051229596138
data/ff_plus_plus/224x224/fake/face2face/train_251_375_f121.jpg,1,0.002371074864640832
data/ff_plus_plus/224x224/fake/deepfakes/train_168_222_f1100.jpg,1,0.39616096019744873
data/ff_plus_plus/224x224/fake/faceswap/train_342_416_f228.jpg,1,0.3245188593864441
data/ff_plus_plus/224x224/fake/deepfakes/val_153_150_f0.jpg,1,0.1188172996044159
data/ff_plus_plus/224x224/real/train_060_f726.jpg,0,0.2653576135635376
data/ff_plus_plus/224x224/fake/neuraltextures/train_083_213_f286.jpg,1,0.02533337101340294
data/ff_plus_plus/224x224/real/val_925_f73.jpg,0,0.02470947615802288
data/ff_plus_plus/224x224/fake/faceswap/train_268_269_f266.jpg,1,0.6793326139450073
data/ff_plus_plus/224x224/real/test_459_f126.jpg,0,0.01714954525232315
data/ff_plus_plus/224x224/real/train_022_f145.jpg,0,0.026883749291300774
data/ff_plus_plus/224x224/fake/neuraltextures/train_126_104_f67.jpg,1,0.0039278073236346245
data/ff_plus_plus/224x224/fake/faceswap/train_292_294_f160.jpg,1,0.5866765975952148
data/ff_plus_plus/224x224/fake/face2face/test_888_937_f78.jpg,1,0.003758501261472702
data/ff_plus_plus/224x224/real/train_331_f290.jpg,0,0.07076328992843628
data/ff_plus_plus/224x224/fake/face2face/train_048_029_f329.jpg,1,0.035971663892269135
data/ff_plus_plus/224x224/real/train_203_f76.jpg,0,0.3396231532096863
data/ff_plus_plus/224x224/fake/neuraltextures/train_005_010_f0.jpg,1,0.8275362849235535
data/ff_plus_plus/224x224/fake/face2face/train_334_318_f163.jpg,1,0.001645173062570393
data/ff_plus_plus/224x224/real/train_292_f263.jpg,0,0.3589479625225067
data/ff_plus_plus/224x224/fake/face2face/val_557_560_f60.jpg,1,0.002282084198668599
data/ff_plus_plus/224x224/fake/neuraltextures/val_319_352_f246.jpg,1,0.027292434126138687
data/ff_plus_plus/224x224/real/test_374_f322.jpg,0,0.027954580262303352
data/ff_plus_plus/224x224/fake/neuraltextures/test_659_749_f357.jpg,1,0.0003376206732355058
data/ff_plus_plus/224x224/real/test_016_f233.jpg,0,0.024417445063591003
data/ff_plus_plus/224x224/fake/deepfakes/train_079_076_f423.jpg,1,0.23250414431095123
data/ff_plus_plus/224x224/real/train_361_f375.jpg,0,0.02044903114438057
data/ff_plus_plus/224x224/fake/neuraltextures/test_947_951_f22.jpg,1,0.39863815903663635
data/ff_plus_plus/224x224/fake/deepfakes/train_026_012_f254.jpg,1,0.3982416093349457
data/ff_plus_plus/224x224/real/train_354_f379.jpg,0,0.017835887148976326
data/ff_plus_plus/224x224/fake/neuraltextures/val_842_714_f353.jpg,1,0.0033060621935874224
data/ff_plus_plus/224x224/real/val_842_f338.jpg,0,0.00218685669824481
data/ff_plus_plus/224x224/fake/deepfakes/train_287_426_f408.jpg,1,0.9896209239959717
data/ff_plus_plus/224x224/real/test_252_f275.jpg,0,0.0009998654713854194
data/ff_plus_plus/224x224/real/test_198_f215.jpg,0,0.012430871836841106
data/ff_plus_plus/224x224/real/train_170_f294.jpg,0,0.00023391983995679766
data/ff_plus_plus/224x224/fake/neuraltextures/train_401_395_f400.jpg,1,0.010730717331171036
data/ff_plus_plus/224x224/real/train_102_f200.jpg,0,0.0941983088850975
data/ff_plus_plus/224x224/real/train_334_f1245.jpg,0,0.003758163657039404
data/ff_plus_plus/224x224/real/test_035_f72.jpg,0,0.007046956103295088
data/ff_plus_plus/224x224/real/train_122_f180.jpg,0,0.0007833133568055928
data/ff_plus_plus/224x224/fake/deepfakes/test_412_274_f255.jpg,1,0.9385597705841064
data/ff_plus_plus/224x224/fake/faceswap/train_110_043_f476.jpg,1,0.34393152594566345
data/ff_plus_plus/224x224/real/train_295_f268.jpg,0,0.00926415715366602
data/ff_plus_plus/224x224/real/test_786_f178.jpg,0,0.7137678265571594
data/ff_plus_plus/224x224/real/val_507_f145.jpg,0,0.0021436051465570927
data/ff_plus_plus/224x224/real/test_552_f41.jpg,0,0.001000417280010879
data/ff_plus_plus/224x224/real/test_622_f370.jpg,0,0.0034922014456242323
data/ff_plus_plus/224x224/real/train_258_f462.jpg,0,0.12177643924951553
data/ff_plus_plus/224x224/real/test_588_f505.jpg,0,0.007338573224842548
data/ff_plus_plus/224x224/fake/neuraltextures/val_756_503_f470.jpg,1,0.19311578571796417
data/ff_plus_plus/224x224/fake/faceswap/train_048_029_f400.jpg,1,0.06093357875943184
data/ff_plus_plus/224x224/fake/neuraltextures/test_622_647_f204.jpg,1,0.003989871125668287
data/ff_plus_plus/224x224/real/val_248_f17.jpg,0,0.10852016508579254
data/ff_plus_plus/224x224/real/train_318_f310.jpg,0,0.022234927862882614
data/ff_plus_plus/224x224/fake/deepfakes/test_554_572_f598.jpg,1,0.14899367094039917
data/ff_plus_plus/224x224/fake/neuraltextures/train_067_025_f370.jpg,1,0.022388050332665443
data/ff_plus_plus/224x224/fake/neuraltextures/train_109_107_f163.jpg,1,0.009875373914837837
data/ff_plus_plus/224x224/real/test_049_f86.jpg,0,0.006475931033492088
data/ff_plus_plus/224x224/fake/face2face/val_473_366_f319.jpg,1,0.0013441868359223008
data/ff_plus_plus/224x224/real/val_747_f64.jpg,0,0.0005949719925411046
data/ff_plus_plus/224x224/real/test_700_f91.jpg,0,0.004346849396824837
data/ff_plus_plus/224x224/real/train_229_f323.jpg,0,0.0040489500388503075
data/ff_plus_plus/224x224/real/train_377_f164.jpg,0,0.021974803879857063
data/ff_plus_plus/224x224/fake/faceswap/val_781_806_f279.jpg,1,0.006870838347822428
data/ff_plus_plus/224x224/fake/faceswap/train_102_114_f40.jpg,1,0.831509530544281
data/ff_plus_plus/224x224/real/val_119_f0.jpg,0,0.38998943567276
data/ff_plus_plus/224x224/fake/face2face/test_163_031_f149.jpg,1,0.06763642281293869
data/ff_plus_plus/224x224/real/val_130_f0.jpg,0,0.07517590373754501
data/ff_plus_plus/224x224/real/val_905_f341.jpg,0,0.0701054260134697
data/ff_plus_plus/224x224/real/test_868_f163.jpg,0,0.03668348118662834
data/ff_plus_plus/224x224/fake/neuraltextures/test_786_819_f125.jpg,1,0.4189995527267456
data/ff_plus_plus/224x224/real/train_204_f70.jpg,0,0.01229869481176138
data/ff_plus_plus/224x224/fake/deepfakes/test_678_460_f343.jpg,1,0.9981574416160583
data/ff_plus_plus/224x224/real/test_077_f63.jpg,0,0.00405942602083087
data/ff_plus_plus/224x224/real/train_110_f252.jpg,0,0.03901078552007675
data/ff_plus_plus/224x224/fake/deepfakes/val_383_353_f176.jpg,1,0.04014109820127487
data/ff_plus_plus/224x224/real/test_574_f471.jpg,0,4.610694304574281e-06
data/ff_plus_plus/224x224/fake/faceswap/train_011_805_f0.jpg,1,0.9997355341911316
data/ff_plus_plus/224x224/fake/deepfakes/train_365_307_f190.jpg,1,0.8709802627563477
data/ff_plus_plus/224x224/fake/faceswap/train_096_101_f485.jpg,1,0.6692147254943848
data/ff_plus_plus/224x224/real/train_183_f335.jpg,0,0.055491816252470016
data/ff_plus_plus/224x224/real/train_264_f438.jpg,0,0.32691314816474915
data/ff_plus_plus/224x224/real/train_133_f237.jpg,0,0.00019681817502714694
data/ff_plus_plus/224x224/fake/face2face/val_031_163_f0.jpg,1,0.03501517325639725
data/ff_plus_plus/224x224/real/train_381_f198.jpg,0,0.0785626769065857
data/ff_plus_plus/224x224/real/val_630_f349.jpg,0,0.1945267766714096
data/ff_plus_plus/224x224/real/train_165_f212.jpg,0,0.0033840867690742016
data/ff_plus_plus/224x224/fake/neuraltextures/train_305_513_f136.jpg,1,0.0006138795870356262
data/ff_plus_plus/224x224/fake/neuraltextures/train_274_412_f407.jpg,1,0.0004233682411722839
data/ff_plus_plus/224x224/fake/faceswap/train_090_086_f638.jpg,1,0.5461306571960449
data/ff_plus_plus/224x224/fake/deepfakes/test_040_997_f94.jpg,1,0.6675500273704529
data/ff_plus_plus/224x224/real/val_737_f63.jpg,0,0.0035961661487817764
data/ff_plus_plus/224x224/real/train_389_f151.jpg,0,0.056277766823768616
data/ff_plus_plus/224x224/real/val_756_f294.jpg,0,0.014445273205637932
data/ff_plus_plus/224x224/fake/neuraltextures/train_207_908_f11.jpg,1,0.005750611424446106
data/ff_plus_plus/224x224/real/val_492_f119.jpg,0,0.0004685390740633011
data/ff_plus_plus/224x224/real/test_052_f88.jpg,0,0.07159281522035599
data/ff_plus_plus/224x224/real/train_043_f374.jpg,0,0.003929719794541597
data/ff_plus_plus/224x224/fake/deepfakes/train_060_088_f494.jpg,1,0.9918569326400757
data/ff_plus_plus/224x224/real/val_579_f16.jpg,0,0.0007778792059980333
data/ff_plus_plus/224x224/real/val_846_f291.jpg,0,7.040638593025506e-05
data/ff_plus_plus/224x224/real/val_468_f123.jpg,0,0.01627323217689991
data/ff_plus_plus/224x224/fake/faceswap/test_816_649_f410.jpg,1,0.4953349232673645
data/ff_plus_plus/224x224/fake/neuraltextures/train_300_304_f144.jpg,1,0.0004343204782344401
data/ff_plus_plus/224x224/real/train_335_f158.jpg,0,0.0034003055188804865
data/ff_plus_plus/224x224/fake/deepfakes/train_296_293_f103.jpg,1,0.01049709226936102
data/ff_plus_plus/224x224/fake/neuraltextures/train_201_203_f122.jpg,1,0.2235531359910965
data/ff_plus_plus/224x224/fake/deepfakes/train_234_187_f72.jpg,1,0.10908987373113632
data/ff_plus_plus/224x224/fake/deepfakes/val_075_977_f0.jpg,1,0.9979871511459351
data/ff_plus_plus/224x224/fake/deepfakes/test_928_160_f310.jpg,1,0.9955652356147766
data/ff_plus_plus/224x224/fake/deepfakes/train_326_501_f188.jpg,1,0.0010773512767627835
data/ff_plus_plus/224x224/fake/face2face/train_329_327_f119.jpg,1,0.14072071015834808
data/ff_plus_plus/224x224/real/val_625_f125.jpg,0,0.014180036261677742
data/ff_plus_plus/224x224/real/val_660_f70.jpg,0,0.03709661588072777
data/ff_plus_plus/224x224/real/train_167_f199.jpg,0,0.46787068247795105
data/ff_plus_plus/224x224/real/train_365_f317.jpg,0,0.06288403272628784
data/ff_plus_plus/224x224/fake/face2face/val_383_353_f283.jpg,1,0.02835792489349842
data/ff_plus_plus/224x224/real/train_134_f154.jpg,0,0.8543080687522888
data/ff_plus_plus/224x224/real/test_556_f371.jpg,0,0.3757617175579071
data/ff_plus_plus/224x224/real/train_030_f142.jpg,0,0.012035565450787544
data/ff_plus_plus/224x224/real/train_287_f294.jpg,0,0.21779140830039978
data/ff_plus_plus/224x224/fake/face2face/test_100_077_f105.jpg,1,0.09525944292545319
data/ff_plus_plus/224x224/fake/faceswap/test_749_659_f620.jpg,1,0.9606391787528992
data/ff_plus_plus/224x224/fake/deepfakes/test_161_141_f190.jpg,1,0.235978364944458
data/ff_plus_plus/224x224/real/train_351_f518.jpg,0,0.0007381390314549208
data/ff_plus_plus/224x224/real/val_874_f403.jpg,0,0.9002203345298767
data/ff_plus_plus/224x224/fake/face2face/train_355_748_f273.jpg,1,0.008206866681575775
data/ff_plus_plus/224x224/real/train_010_f0.jpg,0,0.003959303721785545
data/ff_plus_plus/224x224/fake/face2face/train_304_300_f391.jpg,1,0.012030350044369698
data/ff_plus_plus/224x224/real/train_301_f394.jpg,0,0.11615996807813644
data/ff_plus_plus/224x224/fake/face2face/val_194_235_f0.jpg,1,0.002054704586043954
data/ff_plus_plus/224x224/fake/face2face/test_118_120_f111.jpg,1,0.01995975524187088
data/ff_plus_plus/224x224/real/test_003_f0.jpg,0,0.11167357116937637
data/ff_plus_plus/224x224/real/train_307_f26.jpg,0,0.0001809876848710701
data/ff_plus_plus/224x224/fake/face2face/train_323_302_f150.jpg,1,0.11884971708059311
data/ff_plus_plus/224x224/fake/deepfakes/train_098_092_f143.jpg,1,0.0548773854970932
data/ff_plus_plus/224x224/fake/faceswap/val_891_876_f274.jpg,1,0.2020805925130844
data/ff_plus_plus/224x224/fake/deepfakes/train_001_870_f0.jpg,1,0.9996680021286011
data/ff_plus_plus/224x224/real/val_814_f397.jpg,0,0.0083600590005517
data/ff_plus_plus/224x224/real/val_344_f152.jpg,0,0.00014848749560769647
data/ff_plus_plus/224x224/real/train_069_f26.jpg,0,0.01353372074663639
data/ff_plus_plus/224x224/real/test_947_f242.jpg,0,0.01596786268055439
data/ff_plus_plus/224x224/real/val_208_f416.jpg,0,0.00918977614492178
data/ff_plus_plus/224x224/real/val_460_f132.jpg,0,0.051352549344301224
data/ff_plus_plus/224x224/fake/deepfakes/train_129_127_f158.jpg,1,0.6119556427001953
data/ff_plus_plus/224x224/fake/neuraltextures/test_914_899_f116.jpg,1,0.022156884893774986
data/ff_plus_plus/224x224/real/test_653_f629.jpg,0,0.003559886012226343
data/ff_plus_plus/224x224/fake/neuraltextures/train_232_248_f375.jpg,1,0.0341067872941494
data/ff_plus_plus/224x224/real/train_086_f32.jpg,0,0.06064547225832939
data/ff_plus_plus/224x224/real/train_240_f790.jpg,0,0.637076199054718
data/ff_plus_plus/224x224/fake/neuraltextures/test_642_635_f315.jpg,1,0.16841256618499756
data/ff_plus_plus/224x224/real/test_495_f138.jpg,0,0.001679807435721159
data/ff_plus_plus/224x224/real/train_265_f513.jpg,0,0.0018386460142210126
data/ff_plus_plus/224x224/real/train_005_f0.jpg,0,0.6717768907546997
data/ff_plus_plus/224x224/real/train_285_f250.jpg,0,0.2153390794992447
data/ff_plus_plus/224x224/real/val_472_f148.jpg,0,0.006907942239195108
data/ff_plus_plus/224x224/real/train_323_f31.jpg,0,0.9166547060012817
data/ff_plus_plus/224x224/real/train_026_f154.jpg,0,0.06798504292964935
data/ff_plus_plus/224x224/real/val_469_f14.jpg,0,0.0019756800029426813
data/ff_plus_plus/224x224/fake/deepfakes/train_320_328_f86.jpg,1,0.9138490557670593
data/ff_plus_plus/224x224/real/train_013_f0.jpg,0,0.002461325377225876
data/ff_plus_plus/224x224/real/val_634_f69.jpg,0,0.05020533502101898
data/ff_plus_plus/224x224/real/train_059_f645.jpg,0,0.0030480376444756985
data/ff_plus_plus/224x224/real/test_185_f361.jpg,0,0.001446735579520464
data/ff_plus_plus/224x224/fake/faceswap/test_659_749_f47.jpg,1,0.9657941460609436
data/ff_plus_plus/224x224/real/train_103_f245.jpg,0,0.04122806712985039
data/ff_plus_plus/224x224/real/val_186_f0.jpg,0,0.4067823886871338
data/ff_plus_plus/224x224/fake/faceswap/val_370_483_f283.jpg,1,0.9497467875480652
data/ff_plus_plus/224x224/real/train_066_f179.jpg,0,0.03475935012102127
data/ff_plus_plus/224x224/fake/face2face/train_316_369_f66.jpg,1,0.24717003107070923
data/ff_plus_plus/224x224/real/train_020_f160.jpg,0,0.020380545407533646
data/ff_plus_plus/224x224/real/train_070_f164.jpg,0,0.2992386817932129
data/ff_plus_plus/224x224/real/test_050_f72.jpg,0,0.005236128345131874
data/ff_plus_plus/224x224/fake/face2face/val_846_845_f195.jpg,1,7.074328459566459e-05
data/ff_plus_plus/224x224/real/val_822_f255.jpg,0,0.0032639631535857916
data/ff_plus_plus/224x224/real/test_511_f780.jpg,0,0.042255375534296036
data/ff_plus_plus/224x224/fake/neuraltextures/train_026_012_f0.jpg,1,0.015994777902960777
data/ff_plus_plus/224x224/fake/faceswap/train_207_908_f130.jpg,1,0.6699413061141968
data/ff_plus_plus/224x224/real/train_182_f448.jpg,0,0.1612243354320526
data/ff_plus_plus/224x224/real/train_027_f151.jpg,0,0.00012102424079785123
data/ff_plus_plus/224x224/fake/faceswap/train_065_089_f441.jpg,1,0.9906022548675537
data/ff_plus_plus/224x224/real/train_175_f104.jpg,0,0.0025350088253617287
data/ff_plus_plus/224x224/real/train_147_f298.jpg,0,0.0004552126338239759
data/ff_plus_plus/224x224/fake/neuraltextures/train_114_102_f66.jpg,1,0.0011898815864697099
data/ff_plus_plus/224x224/fake/deepfakes/test_003_000_f0.jpg,1,0.01298142783343792
data/ff_plus_plus/224x224/real/train_009_f0.jpg,0,0.007278082892298698
data/ff_plus_plus/224x224/fake/neuraltextures/val_747_854_f202.jpg,1,0.003643311792984605
data/ff_plus_plus/224x224/fake/faceswap/test_699_734_f396.jpg,1,0.2639213800430298
data/ff_plus_plus/224x224/real/train_091_f264.jpg,0,0.005958080291748047
data/ff_plus_plus/224x224/real/test_303_f353.jpg,0,0.7100775837898254
data/ff_plus_plus/224x224/fake/face2face/train_258_246_f136.jpg,1,0.3539028763771057
data/ff_plus_plus/224x224/real/test_785_f170.jpg,0,0.019232532009482384
data/ff_plus_plus/224x224/fake/deepfakes/train_376_381_f141.jpg,1,0.9912179112434387
data/ff_plus_plus/224x224/real/test_410_f236.jpg,0,0.004801321774721146
data/ff_plus_plus/224x224/real/val_346_f190.jpg,0,0.0009651065338402987
data/ff_plus_plus/224x224/real/val_585_f135.jpg,0,0.37015849351882935
data/ff_plus_plus/224x224/fake/faceswap/test_193_030_f40.jpg,1,0.8075611591339111
data/ff_plus_plus/224x224/fake/neuraltextures/val_924_917_f447.jpg,1,0.009447483345866203
data/ff_plus_plus/224x224/real/test_161_f203.jpg,0,0.606478750705719
data/ff_plus_plus/224x224/real/val_753_f307.jpg,0,0.03358537331223488
data/ff_plus_plus/224x224/fake/deepfakes/train_048_029_f233.jpg,1,0.7287097573280334
data/ff_plus_plus/224x224/fake/deepfakes/test_952_882_f650.jpg,1,0.8878089785575867
data/ff_plus_plus/224x224/fake/deepfakes/val_811_920_f242.jpg,1,0.30472466349601746
data/ff_plus_plus/224x224/fake/face2face/train_246_258_f137.jpg,1,0.0931774452328682
data/ff_plus_plus/224x224/fake/neuraltextures/train_134_192_f138.jpg,1,0.2183808982372284
data/ff_plus_plus/224x224/real/train_341_f598.jpg,0,0.005445226561278105
data/ff_plus_plus/224x224/real/test_387_f36.jpg,0,0.017168009653687477
data/ff_plus_plus/224x224/fake/deepfakes/test_185_276_f331.jpg,1,0.07292463630437851
data/ff_plus_plus/224x224/fake/deepfakes/test_459_430_f54.jpg,1,0.47163206338882446
data/ff_plus_plus/224x224/fake/neuraltextures/train_093_121_f169.jpg,1,0.0783696174621582
data/ff_plus_plus/224x224/fake/faceswap/test_931_936_f112.jpg,1,0.4356556236743927
data/ff_plus_plus/224x224/real/train_227_f348.jpg,0,0.01845688372850418
data/ff_plus_plus/224x224/fake/faceswap/train_230_204_f102.jpg,1,0.8047601580619812
data/ff_plus_plus/224x224/fake/face2face/train_350_349_f356.jpg,1,0.09899652749300003
data/ff_plus_plus/224x224/fake/face2face/train_168_222_f84.jpg,1,0.6213674545288086
data/ff_plus_plus/224x224/fake/faceswap/train_320_328_f208.jpg,1,0.9842542409896851
data/ff_plus_plus/224x224/fake/deepfakes/test_513_305_f442.jpg,1,0.377791166305542
data/ff_plus_plus/224x224/real/val_621_f127.jpg,0,0.10828051716089249
data/ff_plus_plus/224x224/real/test_127_f357.jpg,0,0.01362733356654644
data/ff_plus_plus/224x224/fake/face2face/train_386_154_f388.jpg,1,0.028240032494068146
data/ff_plus_plus/224x224/real/val_859_f274.jpg,0,0.0062163532711565495
data/ff_plus_plus/224x224/fake/deepfakes/train_240_290_f921.jpg,1,0.8454977869987488
data/ff_plus_plus/224x224/real/val_521_f114.jpg,0,0.030963853001594543
data/ff_plus_plus/224x224/real/train_396_f216.jpg,0,0.035260431468486786
data/ff_plus_plus/224x224/real/test_608_f83.jpg,0,0.013577116653323174
data/ff_plus_plus/224x224/real/test_436_f303.jpg,0,0.0015403712168335915
data/ff_plus_plus/224x224/fake/face2face/test_397_602_f22.jpg,1,0.00732179032638669
data/ff_plus_plus/224x224/real/train_236_f582.jpg,0,0.006463989149779081
data/ff_plus_plus/224x224/real/train_256_f507.jpg,0,0.5294396281242371
data/ff_plus_plus/224x224/real/train_384_f174.jpg,0,0.08691459149122238
data/ff_plus_plus/224x224/real/train_369_f154.jpg,0,0.04282604530453682
data/ff_plus_plus/224x224/real/val_667_f64.jpg,0,0.02171715535223484
data/ff_plus_plus/224x224/real/train_246_f460.jpg,0,0.16105246543884277
data/ff_plus_plus/224x224/real/test_087_f95.jpg,0,0.04662930220365524
data/ff_plus_plus/224x224/real/train_088_f228.jpg,0,0.5918259024620056
data/ff_plus_plus/224x224/real/val_006_f0.jpg,0,0.000689350999891758
data/ff_plus_plus/224x224/fake/neuraltextures/test_191_188_f127.jpg,1,0.010455175302922726
data/ff_plus_plus/224x224/fake/deepfakes/val_737_719_f342.jpg,1,0.0031112805008888245
data/ff_plus_plus/224x224/real/train_154_f265.jpg,0,0.004636149853467941
data/ff_plus_plus/224x224/fake/deepfakes/train_265_475_f0.jpg,1,0.08230917900800705
data/ff_plus_plus/224x224/fake/neuraltextures/val_119_123_f0.jpg,1,0.2087627351284027
data/ff_plus_plus/224x224/fake/face2face/test_818_820_f68.jpg,1,0.1796191930770874
data/ff_plus_plus/224x224/fake/deepfakes/train_085_124_f79.jpg,1,0.760401725769043
data/ff_plus_plus/224x224/fake/deepfakes/train_331_260_f48.jpg,1,0.833000898361206
data/ff_plus_plus/224x224/fake/face2face/test_252_266_f144.jpg,1,0.0001319138682447374
data/ff_plus_plus/224x224/real/train_079_f175.jpg,0,0.004613868892192841
data/ff_plus_plus/224x224/fake/face2face/train_056_996_f300.jpg,1,0.0591965988278389
data/ff_plus_plus/224x224/fake/face2face/train_103_082_f162.jpg,1,0.0024490721989423037
data/ff_plus_plus/224x224/fake/deepfakes/train_354_362_f221.jpg,1,0.7285398840904236
data/ff_plus_plus/224x224/fake/faceswap/val_909_857_f482.jpg,1,0.8919777870178223
data/ff_plus_plus/224x224/real/val_206_f0.jpg,0,0.021842865273356438
data/ff_plus_plus/224x224/real/train_058_f598.jpg,0,0.00027611342375166714
data/ff_plus_plus/224x224/real/train_201_f862.jpg,0,0.11467266082763672
data/ff_plus_plus/224x224/fake/face2face/test_272_396_f198.jpg,1,0.0026014193426817656
data/ff_plus_plus/224x224/fake/neuraltextures/test_349_350_f41.jpg,1,0.11020715534687042
data/ff_plus_plus/224x224/fake/face2face/train_081_087_f127.jpg,1,0.007279918994754553
data/ff_plus_plus/224x224/real/val_072_f0.jpg,0,0.004903190303593874
data/ff_plus_plus/224x224/real/val_380_f140.jpg,0,0.0006351646152324975
data/ff_plus_plus/224x224/real/test_513_f51.jpg,0,6.364260480040684e-05
data/ff_plus_plus/224x224/real/test_821_f160.jpg,0,0.0636468157172203
data/ff_plus_plus/224x224/fake/deepfakes/val_206_221_f0.jpg,1,0.9229966402053833
data/ff_plus_plus/224x224/fake/neuraltextures/train_386_154_f417.jpg,1,0.021766535937786102
data/ff_plus_plus/224x224/real/val_194_f0.jpg,0,0.004088988061994314
data/ff_plus_plus/224x224/real/test_742_f171.jpg,0,0.05554021894931793
data/ff_plus_plus/224x224/real/test_834_f145.jpg,0,0.0178445503115654
data/ff_plus_plus/224x224/real/val_447_f11.jpg,0,0.00029063900001347065
data/ff_plus_plus/224x224/fake/deepfakes/test_731_741_f348.jpg,1,0.12340321391820908
data/ff_plus_plus/224x224/real/val_673_f591.jpg,0,0.48233941197395325
data/ff_plus_plus/224x224/real/val_370_f122.jpg,0,0.3773919641971588
data/ff_plus_plus/224x224/real/test_659_f793.jpg,0,0.0007422556518577039
data/ff_plus_plus/224x224/fake/neuraltextures/train_168_222_f168.jpg,1,0.47876858711242676
data/ff_plus_plus/224x224/real/test_645_f514.jpg,0,0.0010320707224309444
data/ff_plus_plus/224x224/real/train_339_f377.jpg,0,0.00019686979067046195
data/ff_plus_plus/224x224/fake/neuraltextures/val_673_728_f332.jpg,1,0.30229270458221436
data/ff_plus_plus/224x224/fake/neuraltextures/train_101_096_f208.jpg,1,0.015471948310732841
data/ff_plus_plus/224x224/fake/neuraltextures/train_192_134_f118.jpg,1,0.22306597232818604
data/ff_plus_plus/224x224/fake/deepfakes/val_462_467_f201.jpg,1,0.5057756304740906
data/ff_plus_plus/224x224/fake/deepfakes/val_044_945_f0.jpg,1,0.35869354009628296
data/ff_plus_plus/224x224/fake/deepfakes/val_621_546_f127.jpg,1,0.9568186402320862
data/ff_plus_plus/224x224/real/test_678_f399.jpg,0,0.020347081124782562
data/ff_plus_plus/224x224/real/test_082_f97.jpg,0,0.07526911795139313
data/ff_plus_plus/224x224/real/val_217_f96.jpg,0,0.24847090244293213
data/ff_plus_plus/224x224/fake/deepfakes/train_009_027_f0.jpg,1,0.08396241813898087
data/ff_plus_plus/224x224/real/test_310_f25.jpg,0,0.059224918484687805
data/ff_plus_plus/224x224/real/test_308_f310.jpg,0,0.015585403889417648
data/ff_plus_plus/224x224/real/train_328_f252.jpg,0,0.0007105677505023777
data/ff_plus_plus/224x224/real/train_064_f179.jpg,0,0.000663505750708282
data/ff_plus_plus/224x224/real/val_936_f71.jpg,0,0.021552104502916336
data/ff_plus_plus/224x224/fake/neuraltextures/test_071_054_f113.jpg,1,0.013863067142665386
data/ff_plus_plus/224x224/fake/deepfakes/val_190_176_f0.jpg,1,0.9741322994232178
data/ff_plus_plus/224x224/fake/faceswap/test_164_216_f458.jpg,1,0.5214166045188904
data/ff_plus_plus/224x224/real/test_716_f86.jpg,0,0.005964075680822134
data/ff_plus_plus/224x224/real/val_476_f117.jpg,0,5.6440741900587454e-05
data/ff_plus_plus/224x224/real/train_083_f206.jpg,0,0.033256109803915024
data/ff_plus_plus/224x224/real/val_601_f125.jpg,0,0.04494912177324295
data/ff_plus_plus/224x224/real/val_425_f115.jpg,0,0.39525461196899414
data/ff_plus_plus/224x224/fake/faceswap/val_840_800_f302.jpg,1,0.7069462537765503
data/ff_plus_plus/224x224/fake/neuraltextures/test_252_266_f16.jpg,1,0.00014850773732177913
data/ff_plus_plus/224x224/fake/face2face/train_149_152_f64.jpg,1,0.10631226003170013
data/ff_plus_plus/224x224/real/train_081_f161.jpg,0,0.15734195709228516
data/ff_plus_plus/224x224/real/val_210_f86.jpg,0,0.009544683620333672
data/ff_plus_plus/224x224/fake/neuraltextures/train_030_193_f61.jpg,1,0.00023812471772544086
data/ff_plus_plus/224x224/fake/faceswap/train_069_961_f55.jpg,1,0.992864727973938
data/ff_plus_plus/224x224/fake/neuraltextures/train_377_333_f383.jpg,1,0.011117015965282917
data/ff_plus_plus/224x224/fake/face2face/train_182_242_f227.jpg,1,0.1994994580745697
data/ff_plus_plus/224x224/real/val_148_f0.jpg,0,0.00047334280679933727
data/ff_plus_plus/224x224/fake/neuraltextures/train_350_349_f55.jpg,1,0.00912292581051588
data/ff_plus_plus/224x224/fake/faceswap/test_052_108_f92.jpg,1,0.8126503825187683
data/ff_plus_plus/224x224/real/train_218_f303.jpg,0,0.00035507435677573085
data/ff_plus_plus/224x224/fake/deepfakes/train_041_063_f204.jpg,1,0.6254794597625732
data/ff_plus_plus/224x224/real/train_336_f279.jpg,0,0.0004371947725303471
data/ff_plus_plus/224x224/real/test_108_f92.jpg,0,0.004975131247192621
data/ff_plus_plus/224x224/real/train_320_f346.jpg,0,0.022836854681372643
data/ff_plus_plus/224x224/fake/faceswap/test_253_183_f389.jpg,1,0.862593412399292
data/ff_plus_plus/224x224/real/train_151_f202.jpg,0,0.092525415122509
data/ff_plus_plus/224x224/real/train_084_f167.jpg,0,0.000784849573392421
data/ff_plus_plus/224x224/fake/neuraltextures/val_535_587_f323.jpg,1,0.0771193578839302
data/ff_plus_plus/224x224/real/test_152_f193.jpg,0,0.008461982011795044
data/ff_plus_plus/224x224/real/train_376_f177.jpg,0,0.14612938463687897
data/ff_plus_plus/224x224/fake/face2face/train_060_088_f526.jpg,1,0.003863300895318389
data/ff_plus_plus/224x224/fake/faceswap/val_602_397_f244.jpg,1,0.9834184050559998
data/ff_plus_plus/224x224/real/train_347_f378.jpg,0,0.0002597477287054062
data/ff_plus_plus/224x224/real/val_512_f154.jpg,0,0.16869822144508362
data/ff_plus_plus/224x224/fake/deepfakes/train_123_119_f194.jpg,1,0.26630252599716187
data/ff_plus_plus/224x224/fake/faceswap/train_326_501_f251.jpg,1,0.46035271883010864
data/ff_plus_plus/224x224/real/train_121_f247.jpg,0,0.001991386292502284
data/ff_plus_plus/224x224/fake/face2face/test_144_122_f116.jpg,1,0.08518853783607483
data/ff_plus_plus/224x224/real/test_668_f397.jpg,0,0.026167074218392372
data/ff_plus_plus/224x224/fake/deepfakes/train_174_964_f156.jpg,1,0.9729941487312317
data/ff_plus_plus/224x224/real/test_479_f117.jpg,0,0.2330983430147171
data/ff_plus_plus/224x224/fake/deepfakes/val_909_857_f350.jpg,1,0.5318829417228699
data/ff_plus_plus/224x224/real/train_255_f452.jpg,0,0.708471953868866
data/ff_plus_plus/224x224/fake/faceswap/val_076_079_f214.jpg,1,0.6603788733482361
data/ff_plus_plus/224x224/real/val_525_f142.jpg,0,0.0012013264931738377
data/ff_plus_plus/224x224/real/train_041_f300.jpg,0,0.03666365146636963
data/ff_plus_plus/224x224/real/test_516_f73.jpg,0,0.0012119787279516459
data/ff_plus_plus/224x224/fake/face2face/val_462_467_f320.jpg,1,0.005298403091728687
data/ff_plus_plus/224x224/real/val_619_f125.jpg,0,0.00973722618073225
data/ff_plus_plus/224x224/real/train_096_f225.jpg,0,0.1266307681798935
data/ff_plus_plus/224x224/real/train_235_f42.jpg,0,0.00408832635730505
data/ff_plus_plus/224x224/real/train_179_f303.jpg,0,0.1341608464717865
data/ff_plus_plus/224x224/real/val_885_f305.jpg,0,0.0037375339306890965
data/ff_plus_plus/224x224/real/test_863_f176.jpg,0,0.0018492919625714421
data/ff_plus_plus/224x224/fake/neuraltextures/train_255_214_f63.jpg,1,0.26207348704338074
data/ff_plus_plus/224x224/fake/deepfakes/test_374_407_f20.jpg,1,0.7093423008918762
data/ff_plus_plus/224x224/fake/faceswap/train_275_887_f174.jpg,1,0.3775499165058136
data/ff_plus_plus/224x224/fake/deepfakes/train_398_457_f20.jpg,1,0.07613998651504517
data/ff_plus_plus/224x224/real/test_952_f265.jpg,0,0.02575688622891903
data/ff_plus_plus/224x224/real/test_860_f173.jpg,0,0.009640870615839958
data/ff_plus_plus/224x224/real/val_789_f409.jpg,0,0.04771823436021805
data/ff_plus_plus/224x224/fake/face2face/train_240_290_f377.jpg,1,0.05002729967236519
data/ff_plus_plus/224x224/real/test_412_f275.jpg,0,0.013935043476521969
data/ff_plus_plus/224x224/fake/faceswap/val_660_634_f232.jpg,1,0.24256382882595062
data/ff_plus_plus/224x224/fake/neuraltextures/train_041_063_f336.jpg,1,0.08206696063280106
data/ff_plus_plus/224x224/real/val_023_f0.jpg,0,0.05774852633476257
data/ff_plus_plus/224x224/real/train_232_f434.jpg,0,0.4233497679233551
data/ff_plus_plus/224x224/real/test_352_f260.jpg,0,0.11755476146936417
data/ff_plus_plus/224x224/real/train_359_f376.jpg,0,8.015929051907733e-05
data/ff_plus_plus/224x224/real/train_109_f174.jpg,0,0.011881754733622074
data/ff_plus_plus/224x224/fake/neuraltextures/val_963_879_f691.jpg,1,0.009840833954513073
data/ff_plus_plus/224x224/fake/faceswap/train_331_260_f197.jpg,1,0.9686592817306519
data/ff_plus_plus/224x224/fake/face2face/val_602_397_f280.jpg,1,0.06373775750398636
data/ff_plus_plus/224x224/real/train_226_f281.jpg,0,0.066075898706913
data/ff_plus_plus/224x224/real/val_589_f188.jpg,0,0.010590975172817707
data/ff_plus_plus/224x224/fake/face2face/train_117_217_f265.jpg,1,0.1691109985113144
data/ff_plus_plus/224x224/real/train_289_f328.jpg,0,0.006973972078412771
data/ff_plus_plus/224x224/real/train_350_f348.jpg,0,0.00223369593732059
data/ff_plus_plus/224x224/fake/neuraltextures/train_422_695_f42.jpg,1,0.000852234021294862
data/ff_plus_plus/224x224/real/train_034_f168.jpg,0,0.0009563413332216442
data/ff_plus_plus/224x224/real/test_935_f223.jpg,0,0.003510545939207077
data/ff_plus_plus/224x224/fake/faceswap/train_027_009_f173.jpg,1,4.48350292572286e-05
data/ff_plus_plus/224x224/real/test_385_f24.jpg,0,0.034035809338092804
data/ff_plus_plus/224x224/real/train_367_f22.jpg,0,0.11563710868358612
data/ff_plus_plus/224x224/fake/neuraltextures/train_141_161_f126.jpg,1,0.014298779889941216
data/ff_plus_plus/224x224/real/train_024_f147.jpg,0,0.0009474162943661213
data/ff_plus_plus/224x224/real/val_775_f327.jpg,0,0.0001324883196502924
data/ff_plus_plus/224x224/real/val_291_f113.jpg,0,0.01092460472136736
data/ff_plus_plus/224x224/fake/face2face/test_014_790_f118.jpg,1,0.14867651462554932
data/ff_plus_plus/224x224/real/train_314_f213.jpg,0,0.002065311884507537
data/ff_plus_plus/224x224/real/test_136_f273.jpg,0,0.001145624089986086
data/ff_plus_plus/224x224/fake/faceswap/train_177_211_f84.jpg,1,0.9991998076438904
data/ff_plus_plus/224x224/fake/faceswap/train_056_996_f42.jpg,1,0.9973251819610596
data/ff_plus_plus/224x224/fake/faceswap/train_172_582_f74.jpg,1,0.04263805225491524
data/ff_plus_plus/224x224/real/val_363_f130.jpg,0,0.10546326637268066
data/ff_plus_plus/224x224/fake/deepfakes/train_030_193_f234.jpg,1,0.9873096346855164
data/ff_plus_plus/224x224/fake/deepfakes/val_870_001_f249.jpg,1,0.980187714099884
data/ff_plus_plus/224x224/real/test_277_f499.jpg,0,0.0016031395643949509
data/ff_plus_plus/224x224/real/train_078_f198.jpg,0,0.011796037666499615
data/ff_plus_plus/224x224/real/train_196_f43.jpg,0,0.008154617622494698
data/ff_plus_plus/224x224/fake/faceswap/train_299_145_f151.jpg,1,0.08751663565635681
data/ff_plus_plus/224x224/fake/face2face/train_066_062_f14.jpg,1,0.0027197112794965506
data/ff_plus_plus/224x224/fake/faceswap/test_127_129_f34.jpg,1,0.11389067023992538
data/ff_plus_plus/224x224/fake/faceswap/val_515_519_f620.jpg,1,0.01745235174894333
data/ff_plus_plus/224x224/real/train_042_f290.jpg,0,0.001194711891002953
data/ff_plus_plus/224x224/real/train_260_f41.jpg,0,0.0007235196535475552
data/ff_plus_plus/224x224/fake/deepfakes/val_370_483_f149.jpg,1,0.9887999296188354
data/ff_plus_plus/224x224/fake/deepfakes/train_246_258_f85.jpg,1,0.9944896697998047
data/ff_plus_plus/224x224/fake/face2face/val_795_907_f234.jpg,1,0.0026066924910992384
data/ff_plus_plus/224x224/real/test_115_f99.jpg,0,0.0004551408055704087
data/ff_plus_plus/224x224/real/train_000_f0.jpg,0,0.0005415386403910816
data/ff_plus_plus/224x224/real/train_317_f375.jpg,0,0.008080201223492622
data/ff_plus_plus/224x224/real/train_213_f312.jpg,0,0.004236146807670593
data/ff_plus_plus/224x224/fake/face2face/train_002_006_f0.jpg,1,0.001361875212751329
data/ff_plus_plus/224x224/fake/neuraltextures/train_406_391_f475.jpg,1,0.004278598353266716
data/ff_plus_plus/224x224/real/train_099_f253.jpg,0,0.3725265562534332
data/ff_plus_plus/224x224/real/test_838_f172.jpg,0,0.3821254074573517
data/ff_plus_plus/224x224/fake/deepfakes/val_753_789_f614.jpg,1,0.9163236021995544
data/ff_plus_plus/224x224/fake/deepfakes/val_473_366_f296.jpg,1,0.02593560516834259
data/ff_plus_plus/224x224/real/train_085_f158.jpg,0,0.01381729543209076
data/ff_plus_plus/224x224/real/train_286_f368.jpg,0,0.16339965164661407
data/ff_plus_plus/224x224/fake/faceswap/test_279_298_f137.jpg,1,0.031081749126315117
data/ff_plus_plus/224x224/fake/face2face/train_359_317_f469.jpg,1,0.00016386466450057924
data/ff_plus_plus/224x224/fake/face2face/val_210_241_f0.jpg,1,0.008465183898806572
data/ff_plus_plus/224x224/fake/face2face/train_188_191_f51.jpg,1,0.009685118682682514
data/ff_plus_plus/224x224/fake/neuraltextures/val_453_402_f305.jpg,1,0.006089573726058006
data/ff_plus_plus/224x224/fake/deepfakes/test_495_512_f59.jpg,1,0.003011391032487154
data/ff_plus_plus/224x224/fake/neuraltextures/val_579_701_f243.jpg,1,0.0017346207750961185
data/ff_plus_plus/224x224/real/test_349_f259.jpg,0,0.02194276824593544
data/ff_plus_plus/224x224/fake/neuraltextures/train_020_344_f0.jpg,1,0.0010956664336845279
data/ff_plus_plus/224x224/real/train_048_f367.jpg,0,0.052314504981040955
data/ff_plus_plus/224x224/fake/faceswap/val_346_351_f402.jpg,1,0.8594791889190674
data/ff_plus_plus/224x224/real/train_068_f179.jpg,0,0.17770743370056152
data/ff_plus_plus/224x224/real/test_113_f86.jpg,0,0.28343814611434937
data/ff_plus_plus/224x224/fake/deepfakes/test_349_350_f178.jpg,1,0.205240860581398
data/ff_plus_plus/224x224/real/test_371_f395.jpg,0,0.13286200165748596
data/ff_plus_plus/224x224/fake/neuraltextures/val_150_153_f109.jpg,1,0.14450527727603912
data/ff_plus_plus/224x224/fake/neuraltextures/train_236_237_f605.jpg,1,0.03710198029875755
data/ff_plus_plus/224x224/fake/deepfakes/test_439_441_f190.jpg,1,0.8727434873580933
data/ff_plus_plus/224x224/fake/neuraltextures/train_320_328_f98.jpg,1,0.02083754353225231
data/ff_plus_plus/224x224/real/val_840_f57.jpg,0,0.008953075855970383
data/ff_plus_plus/224x224/real/train_254_f411.jpg,0,0.06838024407625198
data/ff_plus_plus/224x224/fake/face2face/val_046_904_f0.jpg,1,0.0611673928797245
data/ff_plus_plus/224x224/fake/neuraltextures/test_087_081_f127.jpg,1,0.07832089811563492
data/ff_plus_plus/224x224/real/train_160_f257.jpg,0,0.004902101121842861
data/ff_plus_plus/224x224/real/test_164_f351.jpg,0,0.026052325963974
data/ff_plus_plus/224x224/fake/neuraltextures/train_334_318_f147.jpg,1,0.0053063551895320415
data/ff_plus_plus/224x224/real/val_557_f175.jpg,0,0.004816522356122732
data/ff_plus_plus/224x224/fake/neuraltextures/train_311_387_f25.jpg,1,0.000668392691295594
data/ff_plus_plus/224x224/real/train_391_f188.jpg,0,0.020290754735469818
data/ff_plus_plus/224x224/real/train_168_f296.jpg,0,0.4302976429462433
data/ff_plus_plus/224x224/real/test_272_f22.jpg,0,0.3966570198535919
data/ff_plus_plus/224x224/fake/neuraltextures/train_415_484_f43.jpg,1,0.00040375301614403725
data/ff_plus_plus/224x224/real/val_046_f0.jpg,0,0.09340720623731613
data/ff_plus_plus/224x224/real/val_770_f359.jpg,0,0.05705292895436287
data/ff_plus_plus/224x224/fake/neuraltextures/val_006_002_f0.jpg,1,0.0005526656750589609
data/ff_plus_plus/224x224/fake/faceswap/val_297_270_f10.jpg,1,0.606920599937439
data/ff_plus_plus/224x224/fake/face2face/train_309_303_f452.jpg,1,0.32246875762939453
data/ff_plus_plus/224x224/fake/faceswap/train_381_376_f17.jpg,1,0.93431156873703
data/ff_plus_plus/224x224/real/train_106_f195.jpg,0,0.02221122942864895
data/ff_plus_plus/224x224/fake/faceswap/val_438_434_f312.jpg,1,0.5054341554641724
data/ff_plus_plus/224x224/fake/faceswap/val_673_728_f351.jpg,1,0.784717857837677
data/ff_plus_plus/224x224/fake/deepfakes/test_087_081_f95.jpg,1,0.6345563530921936
data/ff_plus_plus/224x224/fake/neuraltextures/val_074_825_f0.jpg,1,0.6539174318313599
data/ff_plus_plus/224x224/fake/faceswap/train_309_303_f314.jpg,1,0.7384872436523438
data/ff_plus_plus/224x224/fake/deepfakes/train_313_283_f331.jpg,1,0.003388653974980116
data/ff_plus_plus/224x224/fake/neuraltextures/val_037_072_f10.jpg,1,0.5048652291297913
data/ff_plus_plus/224x224/real/train_057_f415.jpg,0,0.045342445373535156
data/ff_plus_plus/224x224/fake/neuraltextures/train_013_883_f0.jpg,1,0.0023450402077287436
data/ff_plus_plus/224x224/real/train_039_f440.jpg,0,0.00031357011175714433
data/ff_plus_plus/224x224/fake/faceswap/train_122_144_f53.jpg,1,0.37493911385536194
data/ff_plus_plus/224x224/fake/neuraltextures/val_814_871_f299.jpg,1,0.0022389658261090517
data/ff_plus_plus/224x224/fake/faceswap/test_152_149_f43.jpg,1,0.5766603946685791
data/ff_plus_plus/224x224/real/test_816_f169.jpg,0,0.0015826094895601273
data/ff_plus_plus/224x224/real/train_162_f306.jpg,0,0.044008880853652954
data/ff_plus_plus/224x224/fake/face2face/train_212_179_f564.jpg,1,0.7420888543128967
data/ff_plus_plus/224x224/real/test_731_f80.jpg,0,0.1420271098613739
data/ff_plus_plus/224x224/real/val_462_f120.jpg,0,0.010445214807987213
data/ff_plus_plus/224x224/real/val_457_f127.jpg,0,0.05913904681801796
data/ff_plus_plus/224x224/fake/faceswap/test_016_209_f243.jpg,1,0.01748514547944069
data/ff_plus_plus/224x224/fake/deepfakes/train_358_380_f238.jpg,1,0.0005833265604451299
data/ff_plus_plus/224x224/fake/faceswap/test_878_866_f472.jpg,1,0.8158158659934998
data/ff_plus_plus/224x224/fake/face2face/train_098_092_f189.jpg,1,0.14464171230793
data/ff_plus_plus/224x224/real/test_878_f228.jpg,0,0.016576800495386124
data/ff_plus_plus/224x224/real/test_397_f207.jpg,0,0.005626280326396227
data/ff_plus_plus/224x224/real/train_038_f272.jpg,0,0.00023411528673022985
data/ff_plus_plus/224x224/real/val_338_f183.jpg,0,0.0027100681327283382
data/ff_plus_plus/224x224/fake/neuraltextures/train_267_286_f84.jpg,1,0.011484500952064991
data/ff_plus_plus/224x224/real/train_126_f11.jpg,0,0.0016401002649217844
data/ff_plus_plus/224x224/fake/face2face/train_010_005_f0.jpg,1,0.001417562598362565
data/ff_plus_plus/224x224/fake/faceswap/val_047_862_f0.jpg,1,0.9528403282165527
data/ff_plus_plus/224x224/fake/faceswap/test_385_414_f12.jpg,1,0.019721174612641335
data/ff_plus_plus/224x224/real/test_071_f77.jpg,0,0.012508904561400414
data/ff_plus_plus/224x224/fake/faceswap/train_167_166_f58.jpg,1,0.30118489265441895
data/ff_plus_plus/224x224/real/test_269_f212.jpg,0,0.045951761305332184
data/ff_plus_plus/224x224/real/val_657_f56.jpg,0,0.0673995241522789
data/ff_plus_plus/224x224/fake/face2face/test_738_804_f61.jpg,1,0.8121598362922668
data/ff_plus_plus/224x224/real/train_211_f399.jpg,0,0.04278988018631935
data/ff_plus_plus/224x224/real/train_288_f317.jpg,0,0.009590153582394123
data/ff_plus_plus/224x224/fake/face2face/val_883_013_f182.jpg,1,0.0007780963787809014
data/ff_plus_plus/224x224/fake/deepfakes/train_260_331_f0.jpg,1,0.6208526492118835
data/ff_plus_plus/224x224/fake/deepfakes/val_934_918_f272.jpg,1,0.9547955989837646
data/ff_plus_plus/224x224/fake/face2face/val_503_756_f412.jpg,1,0.08962802588939667
data/ff_plus_plus/224x224/fake/neuraltextures/test_508_831_f146.jpg,1,0.00012324005365371704
data/ff_plus_plus/224x224/real/train_225_f271.jpg,0,0.0011906333966180682
data/ff_plus_plus/224x224/fake/deepfakes/val_589_565_f165.jpg,1,0.011995386332273483
data/ff_plus_plus/224x224/real/train_275_f277.jpg,0,0.02392539568245411
data/ff_plus_plus/224x224/real/val_394_f130.jpg,0,1.081102072930662e-05
data/ff_plus_plus/224x224/real/train_036_f220.jpg,0,0.02769470028579235
data/ff_plus_plus/224x224/fake/faceswap/train_041_063_f36.jpg,1,0.2386905401945114
data/ff_plus_plus/224x224/fake/face2face/test_436_526_f490.jpg,1,0.01699121855199337
data/ff_plus_plus/224x224/fake/neuraltextures/test_446_667_f247.jpg,1,0.07170870900154114
data/ff_plus_plus/224x224/fake/deepfakes/train_117_217_f207.jpg,1,0.9922095537185669
data/ff_plus_plus/224x224/fake/neuraltextures/test_385_414_f216.jpg,1,0.08105310797691345
data/ff_plus_plus/224x224/real/val_891_f284.jpg,0,0.006545550189912319
data/ff_plus_plus/224x224/real/train_029_f157.jpg,0,0.1457701027393341
data/ff_plus_plus/224x224/real/train_028_f164.jpg,0,0.6658456921577454
data/ff_plus_plus/224x224/fake/face2face/val_137_165_f0.jpg,1,0.047051187604665756
data/ff_plus_plus/224x224/fake/neuraltextures/train_174_964_f299.jpg,1,0.14456826448440552
data/ff_plus_plus/224x224/fake/face2face/val_691_732_f29.jpg,1,0.16533972322940826
data/ff_plus_plus/224x224/fake/face2face/train_017_803_f163.jpg,1,0.856429934501648
data/ff_plus_plus/224x224/real/train_358_f422.jpg,0,0.000731028791051358
data/ff_plus_plus/224x224/real/val_715_f825.jpg,0,0.013613701798021793
data/ff_plus_plus/224x224/real/train_322_f236.jpg,0,0.0017079763347283006
data/ff_plus_plus/224x224/real/train_092_f221.jpg,0,0.005001935642212629
data/ff_plus_plus/224x224/real/test_931_f142.jpg,0,0.07093357294797897
data/ff_plus_plus/224x224/fake/faceswap/val_383_353_f283.jpg,1,0.14040324091911316
data/ff_plus_plus/224x224/fake/deepfakes/val_521_517_f198.jpg,1,0.9479445815086365
data/ff_plus_plus/224x224/real/train_025_f231.jpg,0,0.0029873489402234554
data/ff_plus_plus/224x224/fake/neuraltextures/train_359_317_f47.jpg,1,0.00012569261889439076
data/ff_plus_plus/224x224/real/train_111_f208.jpg,0,0.0005921885021962225
data/ff_plus_plus/224x224/fake/deepfakes/val_572_554_f119.jpg,1,0.9948862195014954
data/ff_plus_plus/224x224/real/train_247_f398.jpg,0,0.11018269509077072
data/ff_plus_plus/224x224/real/train_268_f504.jpg,0,0.012660090811550617
data/ff_plus_plus/224x224/real/val_294_f145.jpg,0,0.0003941459290217608
data/ff_plus_plus/224x224/real/test_928_f142.jpg,0,0.05631231516599655
data/ff_plus_plus/224x224/real/train_089_f284.jpg,0,0.013524855487048626
data/ff_plus_plus/224x224/real/train_120_f208.jpg,0,0.02232101932168007
data/ff_plus_plus/224x224/real/val_558_f220.jpg,0,0.031900402158498764
data/ff_plus_plus/224x224/real/train_197_f848.jpg,0,0.013193674385547638
data/ff_plus_plus/224x224/real/val_408_f115.jpg,0,0.010800358839333057
data/ff_plus_plus/224x224/fake/neuraltextures/train_183_253_f268.jpg,1,0.007400796748697758
data/ff_plus_plus/224x224/fake/faceswap/test_439_441_f125.jpg,1,0.9609931111335754
data/ff_plus_plus/224x224/fake/neuraltextures/train_000_003_f0.jpg,1,0.0006653505843132734
data/ff_plus_plus/224x224/fake/faceswap/train_336_338_f261.jpg,1,0.44915705919265747
data/ff_plus_plus/224x224/fake/neuraltextures/test_402_453_f218.jpg,1,0.020460592582821846
data/ff_plus_plus/224x224/real/train_002_f0.jpg,0,0.00040066990186460316
data/ff_plus_plus/224x224/fake/face2face/test_374_407_f312.jpg,1,0.16877740621566772
data/ff_plus_plus/224x224/real/val_319_f172.jpg,0,0.04569718986749649
data/ff_plus_plus/224x224/fake/faceswap/train_017_803_f163.jpg,1,0.9760563373565674
data/ff_plus_plus/224x224/fake/faceswap/test_564_971_f279.jpg,1,0.8669919967651367
data/ff_plus_plus/224x224/fake/face2face/val_583_558_f368.jpg,1,0.05221721529960632
data/ff_plus_plus/224x224/fake/neuraltextures/train_048_029_f372.jpg,1,0.16148224472999573
data/ff_plus_plus/224x224/real/train_146_f345.jpg,0,0.006230196915566921
data/ff_plus_plus/224x224/fake/face2face/test_449_451_f302.jpg,1,6.930902600288391e-05
data/ff_plus_plus/224x224/fake/neuraltextures/train_063_041_f276.jpg,1,0.043409399688243866
data/ff_plus_plus/224x224/fake/faceswap/test_082_103_f97.jpg,1,0.21961578726768494
data/ff_plus_plus/224x224/fake/faceswap/train_159_175_f55.jpg,1,0.015590816736221313
data/ff_plus_plus/224x224/fake/neuraltextures/train_089_065_f197.jpg,1,0.10402113199234009
data/ff_plus_plus/224x224/fake/deepfakes/val_948_965_f298.jpg,1,0.008295472711324692
data/ff_plus_plus/224x224/fake/faceswap/val_934_918_f337.jpg,1,0.2824908196926117
data/ff_plus_plus/224x224/fake/faceswap/test_308_388_f138.jpg,1,0.33130311965942383
data/ff_plus_plus/224x224/real/val_166_f0.jpg,0,0.3378129005432129
data/ff_plus_plus/224x224/fake/neuraltextures/val_186_170_f45.jpg,1,0.621329128742218
data/ff_plus_plus/224x224/fake/deepfakes/test_269_268_f239.jpg,1,0.9036807417869568
data/ff_plus_plus/224x224/real/train_230_f307.jpg,0,0.00011054084461648017
data/ff_plus_plus/224x224/fake/faceswap/train_241_210_f10.jpg,1,0.22320660948753357
data/ff_plus_plus/224x224/real/val_583_f16.jpg,0,0.02405920810997486
data/ff_plus_plus/224x224/real/val_934_f64.jpg,0,0.029374772682785988
data/ff_plus_plus/224x224/real/test_818_f176.jpg,0,0.010853166691958904
data/ff_plus_plus/224x224/fake/face2face/train_229_247_f274.jpg,1,0.006525092292577028
data/ff_plus_plus/224x224/real/train_173_f124.jpg,0,0.0013241380220279098
data/ff_plus_plus/224x224/fake/faceswap/val_811_920_f318.jpg,1,0.1400551199913025
data/ff_plus_plus/224x224/fake/deepfakes/val_503_756_f324.jpg,1,0.9690588116645813
data/ff_plus_plus/224x224/fake/face2face/train_091_116_f157.jpg,1,0.0017740264302119613
data/ff_plus_plus/224x224/real/val_044_f0.jpg,0,0.002841771813109517
data/ff_plus_plus/224x224/fake/neuraltextures/val_482_465_f56.jpg,1,0.17785976827144623
data/ff_plus_plus/224x224/fake/faceswap/val_032_944_f0.jpg,1,0.7217475771903992
data/ff_plus_plus/224x224/real/train_174_f113.jpg,0,0.22740745544433594
data/ff_plus_plus/224x224/fake/faceswap/train_022_489_f167.jpg,1,0.05584456026554108
data/ff_plus_plus/224x224/fake/face2face/train_123_119_f207.jpg,1,0.0793028175830841
data/ff_plus_plus/224x224/real/train_309_f468.jpg,0,0.19732975959777832
data/ff_plus_plus/224x224/fake/face2face/test_659_749_f548.jpg,1,0.031634025275707245
data/ff_plus_plus/224x224/real/val_373_f145.jpg,0,0.1459047645330429
data/ff_plus_plus/224x224/fake/neuraltextures/test_720_672_f204.jpg,1,0.0006572366692125797
data/ff_plus_plus/224x224/fake/face2face/train_340_341_f56.jpg,1,0.14310403168201447
data/ff_plus_plus/224x224/real/train_378_f235.jpg,0,0.00925673358142376
data/ff_plus_plus/224x224/real/train_219_f300.jpg,0,0.024085979908704758
data/ff_plus_plus/224x224/fake/face2face/val_822_244_f249.jpg,1,0.005542545113712549
data/ff_plus_plus/224x224/fake/face2face/test_080_061_f0.jpg,1,0.019993577152490616
data/ff_plus_plus/224x224/fake/face2face/test_191_188_f117.jpg,1,0.024249345064163208
data/ff_plus_plus/224x224/real/train_251_f35.jpg,0,0.026796339079737663
data/ff_plus_plus/224x224/real/val_074_f0.jpg,0,0.8138386607170105
data/ff_plus_plus/224x224/real/val_150_f0.jpg,0,0.017658710479736328
data/ff_plus_plus/224x224/real/train_159_f189.jpg,0,0.04777152091264725
data/ff_plus_plus/224x224/fake/neuraltextures/train_328_320_f175.jpg,1,0.0017914496129378676
data/ff_plus_plus/224x224/fake/faceswap/train_213_083_f143.jpg,1,0.48607587814331055
data/ff_plus_plus/224x224/real/val_781_f359.jpg,0,0.03592278063297272
data/ff_plus_plus/224x224/real/train_357_f309.jpg,0,0.0032172459177672863
data/ff_plus_plus/224x224/fake/deepfakes/test_138_142_f211.jpg,1,0.34032437205314636
data/ff_plus_plus/224x224/fake/face2face/test_412_274_f179.jpg,1,0.008620815351605415
data/ff_plus_plus/224x224/fake/neuraltextures/val_660_634_f23.jpg,1,0.06253735721111298
data/ff_plus_plus/224x224/fake/neuraltextures/train_149_152_f107.jpg,1,0.218624085187912
data/ff_plus_plus/224x224/fake/neuraltextures/test_988_966_f150.jpg,1,0.07039687782526016
data/ff_plus_plus/224x224/fake/deepfakes/val_840_800_f318.jpg,1,0.8841370344161987
data/ff_plus_plus/224x224/fake/faceswap/val_460_678_f357.jpg,1,0.811956524848938
data/ff_plus_plus/224x224/fake/faceswap/train_134_192_f78.jpg,1,0.2772216498851776
data/ff_plus_plus/224x224/fake/face2face/test_564_971_f316.jpg,1,0.027882616966962814
data/ff_plus_plus/224x224/fake/faceswap/val_166_167_f222.jpg,1,0.7609643936157227
data/ff_plus_plus/224x224/fake/deepfakes/train_160_928_f147.jpg,1,0.8836896419525146
data/ff_plus_plus/224x224/fake/neuraltextures/train_355_748_f65.jpg,1,0.07878101617097855
data/ff_plus_plus/224x224/fake/deepfakes/train_301_262_f157.jpg,1,0.9908028841018677
data/ff_plus_plus/224x224/fake/faceswap/train_085_124_f54.jpg,1,0.30613479018211365
data/ff_plus_plus/224x224/real/test_623_f36.jpg,0,0.15202699601650238
data/ff_plus_plus/224x224/real/train_188_f63.jpg,0,0.012717911042273045
data/ff_plus_plus/224x224/fake/face2face/train_268_269_f53.jpg,1,0.02114063873887062
data/ff_plus_plus/224x224/real/train_054_f303.jpg,0,0.003597792936488986
data/ff_plus_plus/224x224/fake/deepfakes/test_706_479_f202.jpg,1,0.9202920198440552
data/ff_plus_plus/224x224/real/test_263_f185.jpg,0,0.00036337730125524104
data/ff_plus_plus/224x224/fake/deepfakes/train_056_996_f256.jpg,1,0.8114155530929565
data/ff_plus_plus/224x224/real/train_067_f203.jpg,0,0.043469175696372986
data/ff_plus_plus/224x224/fake/face2face/test_860_905_f78.jpg,1,0.130397230386734
data/ff_plus_plus/224x224/fake/neuraltextures/test_466_428_f149.jpg,1,0.0019028607057407498
data/ff_plus_plus/224x224/fake/faceswap/val_492_325_f346.jpg,1,0.0004879741172771901
data/ff_plus_plus/224x224/fake/faceswap/val_194_235_f21.jpg,1,0.14799025654792786
data/ff_plus_plus/224x224/fake/neuraltextures/train_261_254_f73.jpg,1,0.015534150414168835
data/ff_plus_plus/224x224/fake/face2face/val_521_517_f295.jpg,1,0.003097337204962969
data/ff_plus_plus/224x224/real/test_686_f82.jpg,0,0.045081377029418945
data/ff_plus_plus/224x224/fake/deepfakes/train_212_179_f171.jpg,1,0.38758236169815063
data/ff_plus_plus/224x224/real/train_184_f864.jpg,0,0.020890722051262856
data/ff_plus_plus/224x224/fake/face2face/val_775_742_f128.jpg,1,0.00036623378400690854
data/ff_plus_plus/224x224/fake/deepfakes/train_276_185_f307.jpg,1,0.0657811388373375
data/ff_plus_plus/224x224/fake/face2face/train_225_151_f250.jpg,1,0.0023285311181098223
data/ff_plus_plus/224x224/real/val_696_f69.jpg,0,0.0006322682602331042
data/ff_plus_plus/224x224/fake/deepfakes/train_134_192_f226.jpg,1,0.7370728254318237
data/ff_plus_plus/224x224/fake/neuraltextures/test_419_824_f268.jpg,1,0.03245038911700249
data/ff_plus_plus/224x224/real/train_125_f120.jpg,0,0.05427774041891098
data/ff_plus_plus/224x224/real/val_199_f0.jpg,0,0.058678317815065384
data/ff_plus_plus/224x224/fake/faceswap/train_079_076_f45.jpg,1,0.9276600480079651
data/ff_plus_plus/224x224/real/val_239_f182.jpg,0,0.008793847635388374
data/ff_plus_plus/224x224/fake/faceswap/test_456_435_f196.jpg,1,0.7167715430259705
data/ff_plus_plus/224x224/fake/faceswap/val_210_241_f0.jpg,1,0.017119335010647774
data/ff_plus_plus/224x224/real/train_142_f33.jpg,0,0.044554583728313446
data/ff_plus_plus/224x224/real/test_040_f75.jpg,0,0.001338428002782166
data/ff_plus_plus/224x224/fake/faceswap/test_508_831_f292.jpg,1,0.01589542254805565
data/ff_plus_plus/224x224/fake/face2face/test_479_706_f0.jpg,1,0.17569124698638916
data/ff_plus_plus/224x224/fake/neuraltextures/train_160_928_f116.jpg,1,0.00246088276617229
data/ff_plus_plus/224x224/fake/deepfakes/val_657_644_f469.jpg,1,0.3889025151729584
data/ff_plus_plus/224x224/fake/face2face/val_662_641_f252.jpg,1,0.0012971226824447513
data/ff_plus_plus/224x224/fake/deepfakes/train_091_116_f22.jpg,1,0.804513692855835
data/ff_plus_plus/224x224/fake/face2face/val_297_270_f245.jpg,1,0.003996104467660189
data/ff_plus_plus/224x224/fake/face2face/train_174_964_f46.jpg,1,0.7302896976470947
data/ff_plus_plus/224x224/real/test_701_f94.jpg,0,0.003039783798158169
data/ff_plus_plus/224x224/fake/faceswap/train_141_161_f50.jpg,1,0.9267407655715942
data/ff_plus_plus/224x224/fake/face2face/val_370_483_f283.jpg,1,0.9951325058937073
data/ff_plus_plus/224x224/fake/deepfakes/train_270_297_f64.jpg,1,0.9836205244064331
data/ff_plus_plus/224x224/real/val_362_f125.jpg,0,0.41631627082824707
data/ff_plus_plus/224x224/fake/deepfakes/test_071_054_f93.jpg,1,0.9806219339370728
data/ff_plus_plus/224x224/real/test_360_f251.jpg,0,0.028433149680495262
data/ff_plus_plus/224x224/real/test_216_f245.jpg,0,0.48680996894836426
data/ff_plus_plus/224x224/fake/faceswap/test_838_810_f440.jpg,1,0.8721693754196167
data/ff_plus_plus/224x224/fake/faceswap/train_364_440_f28.jpg,1,0.06728605180978775
data/ff_plus_plus/224x224/real/train_116_f179.jpg,0,0.2912355065345764
data/ff_plus_plus/224x224/real/train_011_f0.jpg,0,0.3825889229774475
data/ff_plus_plus/224x224/real/test_171_f260.jpg,0,0.02169625461101532
data/ff_plus_plus/224x224/fake/neuraltextures/test_163_031_f125.jpg,1,0.11540088057518005
data/ff_plus_plus/224x224/real/train_169_f357.jpg,0,0.005631471984088421
data/ff_plus_plus/224x224/real/val_899_f462.jpg,0,0.021403755992650986
data/ff_plus_plus/224x224/fake/faceswap/test_642_635_f394.jpg,1,0.32841137051582336
data/ff_plus_plus/224x224/real/val_076_f0.jpg,0,0.00880021695047617
data/ff_plus_plus/224x224/real/train_261_f606.jpg,0,0.019255381077528
data/ff_plus_plus/224x224/real/val_453_f133.jpg,0,0.001893181586638093
data/ff_plus_plus/224x224/fake/face2face/train_111_094_f211.jpg,1,0.00017533030768390745
data/ff_plus_plus/224x224/real/val_195_f0.jpg,0,0.030045311897993088
data/ff_plus_plus/224x224/fake/deepfakes/val_023_923_f0.jpg,1,0.9373596906661987
data/ff_plus_plus/224x224/real/val_937_f62.jpg,0,0.00913763977587223
data/ff_plus_plus/224x224/real/train_018_f163.jpg,0,0.004566618707031012
data/ff_plus_plus/224x224/real/test_439_f286.jpg,0,0.00025988000561483204
data/ff_plus_plus/224x224/real/val_780_f276.jpg,0,0.002134684007614851
data/ff_plus_plus/224x224/fake/face2face/test_642_635_f552.jpg,1,0.07992145419120789
data/ff_plus_plus/224x224/real/train_001_f0.jpg,0,0.1494387537240982
data/ff_plus_plus/224x224/fake/neuraltextures/val_362_354_f266.jpg,1,0.07954372465610504
data/ff_plus_plus/224x224/fake/deepfakes/test_588_556_f430.jpg,1,0.028971467167139053
data/ff_plus_plus/224x224/fake/faceswap/train_357_432_f249.jpg,1,0.025991292670369148
data/ff_plus_plus/224x224/fake/neuraltextures/train_393_405_f475.jpg,1,0.0004886999959126115
data/ff_plus_plus/224x224/real/test_446_f305.jpg,0,0.029678458347916603
data/ff_plus_plus/224x224/fake/faceswap/train_201_203_f15.jpg,1,0.89410400390625
data/ff_plus_plus/224x224/real/test_100_f87.jpg,0,0.10507585108280182
data/ff_plus_plus/224x224/real/train_045_f300.jpg,0,0.030196065083146095
data/ff_plus_plus/224x224/real/test_293_f365.jpg,0,0.002680042525753379
data/ff_plus_plus/224x224/real/val_909_f592.jpg,0,0.01043744944036007
data/ff_plus_plus/224x224/real/val_104_f0.jpg,0,0.001462669693864882
data/ff_plus_plus/224x224/real/train_093_f179.jpg,0,0.04467354342341423
data/ff_plus_plus/224x224/fake/faceswap/test_397_602_f280.jpg,1,0.19767600297927856
data/ff_plus_plus/224x224/real/train_141_f174.jpg,0,0.012629806064069271
data/ff_plus_plus/224x224/fake/faceswap/train_060_088_f595.jpg,1,0.16258470714092255
data/ff_plus_plus/224x224/real/test_392_f1443.jpg,0,0.0753573477268219
data/ff_plus_plus/224x224/fake/neuraltextures/test_115_939_f132.jpg,1,0.00026759784668684006
data/ff_plus_plus/224x224/real/train_340_f271.jpg,0,0.0424315445125103
data/ff_plus_plus/224x224/fake/face2face/val_924_917_f431.jpg,1,0.01412531454116106
data/ff_plus_plus/224x224/fake/face2face/val_076_079_f0.jpg,1,0.002069750800728798
data/ff_plus_plus/224x224/fake/face2face/val_248_232_f177.jpg,1,0.0746416226029396
data/ff_plus_plus/224x224/real/train_273_f232.jpg,0,0.004340087994933128
data/ff_plus_plus/224x224/fake/face2face/train_292_294_f395.jpg,1,0.6837958097457886
data/ff_plus_plus/224x224/real/train_205_f84.jpg,0,0.011200172826647758
data/ff_plus_plus/224x224/fake/face2face/val_346_351_f447.jpg,1,0.0005440140957944095
data/ff_plus_plus/224x224/real/val_697_f64.jpg,0,0.0006663313833996654
data/ff_plus_plus/224x224/real/val_666_f65.jpg,0,0.049584124237298965
data/ff_plus_plus/224x224/fake/neuraltextures/val_899_914_f52.jpg,1,0.008896525017917156
data/ff_plus_plus/224x224/fake/faceswap/train_222_168_f112.jpg,1,0.12298108637332916
data/ff_plus_plus/224x224/fake/faceswap/val_630_623_f242.jpg,1,0.5623013377189636
data/ff_plus_plus/224x224/real/train_233_f604.jpg,0,0.02371259778738022
data/ff_plus_plus/224x224/real/train_117_f245.jpg,0,0.04869253933429718
data/ff_plus_plus/224x224/real/train_056_f372.jpg,0,0.04384612664580345
data/ff_plus_plus/224x224/fake/deepfakes/train_149_152_f124.jpg,1,0.6313239932060242
data/ff_plus_plus/224x224/fake/face2face/val_447_431_f424.jpg,1,0.004446057137101889
data/ff_plus_plus/224x224/real/val_297_f13.jpg,0,0.00991162471473217
data/ff_plus_plus/224x224/fake/face2face/train_299_145_f326.jpg,1,0.00601398479193449
data/ff_plus_plus/224x224/real/val_811_f391.jpg,0,0.003040022449567914
data/ff_plus_plus/224x224/fake/faceswap/train_251_375_f166.jpg,1,0.9813598394393921
data/ff_plus_plus/224x224/fake/faceswap/test_622_647_f280.jpg,1,0.9241119027137756
data/ff_plus_plus/224x224/real/test_744_f131.jpg,0,0.0023276670835912228
data/ff_plus_plus/224x224/fake/deepfakes/train_225_151_f156.jpg,1,0.7323606014251709
data/ff_plus_plus/224x224/real/val_190_f0.jpg,0,0.0024625302758067846
data/ff_plus_plus/224x224/real/test_014_f0.jpg,0,0.25544947385787964
data/ff_plus_plus/224x224/fake/neuraltextures/train_223_586_f150.jpg,1,0.13528649508953094
data/ff_plus_plus/224x224/fake/neuraltextures/val_512_495_f572.jpg,1,0.18787822127342224
data/ff_plus_plus/224x224/fake/deepfakes/train_197_224_f636.jpg,1,0.011916239745914936
data/ff_plus_plus/224x224/real/test_564_f580.jpg,0,0.019607339054346085
data/ff_plus_plus/224x224/real/train_123_f247.jpg,0,0.02279297076165676
data/ff_plus_plus/224x224/real/test_253_f241.jpg,0,0.007526856381446123
data/ff_plus_plus/224x224/fake/faceswap/test_716_712_f416.jpg,1,0.039712585508823395
data/ff_plus_plus/224x224/fake/deepfakes/test_216_164_f245.jpg,1,0.8478829264640808
data/ff_plus_plus/224x224/real/val_482_f121.jpg,0,0.008087764494121075
data/ff_plus_plus/224x224/real/val_662_f51.jpg,0,0.00015569913375657052
data/ff_plus_plus/224x224/real/train_395_f169.jpg,0,0.0007847085944376886
data/ff_plus_plus/224x224/real/test_655_f606.jpg,0,0.00046208553249016404
data/ff_plus_plus/224x224/real/train_342_f280.jpg,0,0.011437403038144112
data/ff_plus_plus/224x224/fake/neuraltextures/test_700_813_f160.jpg,1,0.001532685593701899
data/ff_plus_plus/224x224/fake/deepfakes/train_219_220_f168.jpg,1,0.5858448147773743
data/ff_plus_plus/224x224/real/train_355_f394.jpg,0,0.18161210417747498
data/ff_plus_plus/224x224/fake/faceswap/test_738_804_f37.jpg,1,0.7970894575119019
data/ff_plus_plus/224x224/real/train_187_f883.jpg,0,0.010310708545148373
data/ff_plus_plus/224x224/real/test_094_f96.jpg,0,5.2161758503643796e-05
data/ff_plus_plus/224x224/real/train_306_f376.jpg,0,0.010243776254355907
data/ff_plus_plus/224x224/fake/deepfakes/val_297_270_f107.jpg,1,0.34732699394226074
data/ff_plus_plus/224x224/real/val_176_f0.jpg,0,0.03388325497508049
data/ff_plus_plus/224x224/real/train_237_f651.jpg,0,0.11564867198467255
data/ff_plus_plus/224x224/real/train_063_f32.jpg,0,0.037588223814964294
data/ff_plus_plus/224x224/fake/faceswap/train_372_413_f143.jpg,1,0.43151724338531494
data/ff_plus_plus/224x224/fake/neuraltextures/val_789_753_f429.jpg,1,0.12459330260753632
data/ff_plus_plus/224x224/fake/face2face/test_622_647_f529.jpg,1,0.002312735188752413
data/ff_plus_plus/224x224/fake/faceswap/train_235_194_f10.jpg,1,0.08363885432481766
data/ff_plus_plus/224x224/real/val_870_f415.jpg,0,0.16383498907089233
data/ff_plus_plus/224x224/fake/neuraltextures/val_468_470_f411.jpg,1,0.07989143580198288
data/ff_plus_plus/224x224/fake/deepfakes/test_113_983_f840.jpg,1,0.9364895820617676
data/ff_plus_plus/224x224/fake/faceswap/train_315_322_f156.jpg,1,0.14585277438163757
data/ff_plus_plus/224x224/real/train_189_f511.jpg,0,0.26102176308631897
data/ff_plus_plus/224x224/fake/deepfakes/train_229_247_f175.jpg,1,0.12766744196414948
data/ff_plus_plus/224x224/fake/neuraltextures/test_040_997_f120.jpg,1,0.0014825656544417143
data/ff_plus_plus/224x224/fake/deepfakes/train_204_230_f425.jpg,1,0.5143623352050781
data/ff_plus_plus/224x224/fake/face2face/train_197_224_f50.jpg,1,0.009042175486683846
data/ff_plus_plus/224x224/real/train_098_f174.jpg,0,0.06275632977485657
data/ff_plus_plus/224x224/fake/faceswap/train_004_982_f0.jpg,1,0.14588069915771484
data/ff_plus_plus/224x224/fake/face2face/train_275_887_f279.jpg,1,0.0677969679236412
data/ff_plus_plus/224x224/real/val_808_f438.jpg,0,0.0029433458112180233
data/ff_plus_plus/224x224/fake/face2face/train_160_928_f51.jpg,1,0.026952704414725304
data/ff_plus_plus/224x224/fake/deepfakes/test_293_296_f26.jpg,1,0.1740582436323166
data/ff_plus_plus/224x224/real/test_413_f208.jpg,0,0.012272181920707226
data/ff_plus_plus/224x224/real/val_795_f397.jpg,0,0.0006418977282010019
data/ff_plus_plus/224x224/fake/deepfakes/train_188_191_f287.jpg,1,0.7274053692817688
data/ff_plus_plus/224x224/fake/faceswap/val_472_511_f445.jpg,1,0.22593556344509125
data/ff_plus_plus/224x224/fake/face2face/val_905_860_f221.jpg,1,0.08348162472248077
data/ff_plus_plus/224x224/real/train_207_f83.jpg,0,0.0035202375147491693
data/ff_plus_plus/224x224/real/test_144_f201.jpg,0,0.04328109323978424
data/ff_plus_plus/224x224/real/train_304_f336.jpg,0,0.011145002208650112
data/ff_plus_plus/224x224/real/val_695_f74.jpg,0,0.244405135512352
data/ff_plus_plus/224x224/real/train_055_f393.jpg,0,0.0006747117731720209
data/ff_plus_plus/224x224/real/train_242_f34.jpg,0,0.012217054143548012
data/ff_plus_plus/224x224/fake/neuraltextures/train_340_341_f60.jpg,1,0.05237709358334541
data/ff_plus_plus/224x224/real/train_101_f276.jpg,0,0.055928993970155716
data/ff_plus_plus/224x224/real/val_153_f0.jpg,0,0.5561591386795044
data/ff_plus_plus/224x224/fake/faceswap/train_147_055_f54.jpg,1,0.018503675237298012
data/ff_plus_plus/224x224/real/val_383_f144.jpg,0,0.016581261530518532
data/ff_plus_plus/224x224/real/val_906_f347.jpg,0,0.16518625617027283
data/ff_plus_plus/224x224/real/train_353_f320.jpg,0,0.003222593106329441
data/ff_plus_plus/224x224/fake/faceswap/test_529_633_f264.jpg,1,0.8995888829231262
data/ff_plus_plus/224x224/real/train_298_f332.jpg,0,0.011773580685257912
data/ff_plus_plus/224x224/fake/face2face/train_027_009_f222.jpg,1,0.005294009577482939
data/ff_plus_plus/224x224/real/train_004_f0.jpg,0,0.004586551804095507
data/ff_plus_plus/224x224/fake/face2face/train_041_063_f640.jpg,1,0.14818793535232544
data/ff_plus_plus/224x224/fake/faceswap/val_870_001_f379.jpg,1,0.9312614798545837
data/ff_plus_plus/224x224/real/test_706_f90.jpg,0,0.013467800803482533
data/ff_plus_plus/224x224/real/val_037_f0.jpg,0,0.2712835669517517
data/ff_plus_plus/224x224/real/test_633_f475.jpg,0,0.00044218706898391247
data/ff_plus_plus/224x224/real/val_691_f55.jpg,0,0.02489962987601757
data/ff_plus_plus/224x224/real/train_330_f266.jpg,0,0.00020904587290715426
data/ff_plus_plus/224x224/real/train_139_f156.jpg,0,0.006058782804757357
data/ff_plus_plus/224x224/real/val_752_f350.jpg,0,0.004151472356170416
data/ff_plus_plus/224x224/real/test_914_f137.jpg,0,0.0602090023458004
data/ff_plus_plus/224x224/fake/deepfakes/val_696_686_f376.jpg,1,0.8777831792831421
data/ff_plus_plus/224x224/real/test_138_f225.jpg,0,0.1138172447681427
data/ff_plus_plus/224x224/fake/face2face/train_286_267_f241.jpg,1,0.3183205723762512
data/ff_plus_plus/224x224/real/test_497_f620.jpg,0,0.0013441944029182196
data/ff_plus_plus/224x224/real/test_746_f169.jpg,0,0.04336949810385704
data/ff_plus_plus/224x224/real/train_234_f490.jpg,0,0.0006119139143265784
data/ff_plus_plus/224x224/fake/faceswap/val_583_558_f310.jpg,1,0.34630006551742554
data/ff_plus_plus/224x224/real/val_526_f173.jpg,0,0.2580934762954712
data/ff_plus_plus/224x224/real/test_724_f82.jpg,0,0.995664656162262
